product_name,pharmacy_name,pharmacy_price,parseDate,url
Глюкометр Infopia Element (Элемент) комплект в Астане,"Аптека ""Диабетика""",4 800 тг.,2023-05-14,https://i-teka.kz/astana/medicaments/glyukometr-infopia-element-element-komplekt
Глюкометр IME-DC  комплект в Астане,"Аптека ""Диабетика""",7 800 тг.,2023-05-14,https://i-teka.kz/astana/medicaments/glyukometr-ime-dc-komplekt
Глюкометр Gamma mini комплект в Астане,"Аптека ""ALIPHARM"" (АЛИФАРМ)",10 760 тг.,2023-05-14,https://i-teka.kz/astana/medicaments/glyukometr-gamma-mini-komplekt
Глюкометр Gamma mini комплект в Астане,Аптека низких цен,9 210 тг.,2023-05-14,https://i-teka.kz/astana/medicaments/glyukometr-gamma-mini-komplekt
Глюкометр Gamma mini комплект в Астане,"Аптека ""Аманат-Фарм""",7 300 тг.,2023-05-14,https://i-teka.kz/astana/medicaments/glyukometr-gamma-mini-komplekt
Глюкометр Gamma mini комплект в Астане,"Аптека ""Диабетика""",6 950 тг.,2023-05-14,https://i-teka.kz/astana/medicaments/glyukometr-gamma-mini-komplekt
Глюкометр Gamma mini комплект в Астане,"Аптека ""LEO PHARM"" (Лео Фарм)",10 155 тг.,2023-05-14,https://i-teka.kz/astana/medicaments/glyukometr-gamma-mini-komplekt
Глюкометр IME-DC iDia комплект в Астане,"Аптека ""Диабетика""",7 500 тг.,2023-05-14,https://i-teka.kz/astana/medicaments/glyukometr-ime-dc-idia-komplekt
Глюкометр Bionime Rightest GM-550 комплект в Астане,"Аптека ""Aziamed"" (Азиямед)",10 710 тг.,2023-05-14,https://i-teka.kz/astana/medicaments/glyukometr-bionime-rightest-gm-550-komplekt
Глюкометр Bionime Rightest GM-550 комплект в Астане,"Аптека ""Доктор Плюс""",11 200 тг.,2023-05-14,https://i-teka.kz/astana/medicaments/glyukometr-bionime-rightest-gm-550-komplekt
Глюкометр Bionime Rightest GM-550 комплект в Астане,Аптека Столицы,10 890 тг.,2023-05-14,https://i-teka.kz/astana/medicaments/glyukometr-bionime-rightest-gm-550-komplekt
Глюкометр Bionime Rightest GM-550 комплект в Астане,"Аптека ""MEDSTANDARD"" (МЕДСТАНДАРТ)",15 850 тг.,2023-05-14,https://i-teka.kz/astana/medicaments/glyukometr-bionime-rightest-gm-550-komplekt
Глюкометр Bionime Rightest GM-550 комплект в Астане,Дежурная аптека,10 710 тг.,2023-05-14,https://i-teka.kz/astana/medicaments/glyukometr-bionime-rightest-gm-550-komplekt
Глюкометр Bionime Rightest GM-550 комплект в Астане,"Аптека ""Джеми""",9 000 тг.,2023-05-14,https://i-teka.kz/astana/medicaments/glyukometr-bionime-rightest-gm-550-komplekt
Глюкометр Bionime Rightest GM-550 комплект в Астане,Аптека «Life» (Лайф),11 600 тг.,2023-05-14,https://i-teka.kz/astana/medicaments/glyukometr-bionime-rightest-gm-550-komplekt
Глюкометр Bionime Rightest GM-550 комплект в Астане,Аптека,10 900 тг.,2023-05-14,https://i-teka.kz/astana/medicaments/glyukometr-bionime-rightest-gm-550-komplekt
Глюкометр Bionime Rightest GM-550 комплект в Астане,Аптека Sei Pharm (Сэй Фарм),6 990 тг.,2023-05-14,https://i-teka.kz/astana/medicaments/glyukometr-bionime-rightest-gm-550-komplekt
Глюкометр Bionime Rightest GM-550 комплект в Астане,Басит-Фарм,11 250 тг.,2023-05-14,https://i-teka.kz/astana/medicaments/glyukometr-bionime-rightest-gm-550-komplekt
Глюкометр Bionime Rightest GM-550 комплект в Астане,Аптека низких цен,9 640 тг.,2023-05-14,https://i-teka.kz/astana/medicaments/glyukometr-bionime-rightest-gm-550-komplekt
Глюкометр Bionime Rightest GM-550 комплект в Астане,Аптека низких цен,9 640 тг.,2023-05-14,https://i-teka.kz/astana/medicaments/glyukometr-bionime-rightest-gm-550-komplekt
Глюкометр Bionime Rightest GM-550 комплект в Астане,Аптека низких цен,9 550 тг.,2023-05-14,https://i-teka.kz/astana/medicaments/glyukometr-bionime-rightest-gm-550-komplekt
Глюкометр Bionime Rightest GM-550 комплект в Астане,Аптека низких цен,9 900 тг.,2023-05-14,https://i-teka.kz/astana/medicaments/glyukometr-bionime-rightest-gm-550-komplekt
Глюкометр Bionime Rightest GM-550 комплект в Астане,"Аптека ""ФАРМАКОМ""",9 555 тг.,2023-05-14,https://i-teka.kz/astana/medicaments/glyukometr-bionime-rightest-gm-550-komplekt
Глюкометр Bionime Rightest GM-550 комплект в Астане,"Аптека ""ФАРМАКОМ""",8 825 тг.,2023-05-14,https://i-teka.kz/astana/medicaments/glyukometr-bionime-rightest-gm-550-komplekt
Глюкометр Bionime Rightest GM-550 комплект в Астане,Аптека низких цен,12 530 тг.,2023-05-14,https://i-teka.kz/astana/medicaments/glyukometr-bionime-rightest-gm-550-komplekt
Глюкометр Bionime Rightest GM-550 комплект в Астане,"Аптека ""Aziza Pharm"" (Азиза фарм)",9 650 тг.,2023-05-14,https://i-teka.kz/astana/medicaments/glyukometr-bionime-rightest-gm-550-komplekt
Глюкометр Bionime Rightest GM-550 комплект в Астане,"Аптека ""Шалфей""",9 690 тг.,2023-05-14,https://i-teka.kz/astana/medicaments/glyukometr-bionime-rightest-gm-550-komplekt
Глюкометр Bionime Rightest GM-550 комплект в Астане,Аптека низких цен,9 900 тг.,2023-05-14,https://i-teka.kz/astana/medicaments/glyukometr-bionime-rightest-gm-550-komplekt
Глюкометр Bionime Rightest GM-550 комплект в Астане,Аптека низких цен,9 640 тг.,2023-05-14,https://i-teka.kz/astana/medicaments/glyukometr-bionime-rightest-gm-550-komplekt
Глюкометр Bionime Rightest GM-550 комплект в Астане,"Аптека ""Ландыш""",9 990 тг.,2023-05-14,https://i-teka.kz/astana/medicaments/glyukometr-bionime-rightest-gm-550-komplekt
Глюкометр Bionime Rightest GM-550 комплект в Астане,Аптека низких цен,9 900 тг.,2023-05-14,https://i-teka.kz/astana/medicaments/glyukometr-bionime-rightest-gm-550-komplekt
Глюкометр Bionime Rightest GM-550 комплект в Астане,Аптека низких цен,12 530 тг.,2023-05-14,https://i-teka.kz/astana/medicaments/glyukometr-bionime-rightest-gm-550-komplekt
Глюкометр Bionime Rightest GM-550 комплект в Астане,Аптека низких цен,9 900 тг.,2023-05-14,https://i-teka.kz/astana/medicaments/glyukometr-bionime-rightest-gm-550-komplekt
Глюкометр Bionime Rightest GM-550 комплект в Астане,Аптека низких цен,9 640 тг.,2023-05-14,https://i-teka.kz/astana/medicaments/glyukometr-bionime-rightest-gm-550-komplekt
Глюкометр Bionime Rightest GM-550 комплект в Астане,Аптека Tengripharm (Тэнгрифарм),7 500 тг.,2023-05-14,https://i-teka.kz/astana/medicaments/glyukometr-bionime-rightest-gm-550-komplekt
Глюкометр Bionime Rightest GM-550 комплект в Астане,DIAMOND PHARMACY 1,10 750 тг.,2023-05-14,https://i-teka.kz/astana/medicaments/glyukometr-bionime-rightest-gm-550-komplekt
Глюкометр Bionime Rightest GM-550 комплект в Астане,Аптека “GG Pharmacy”,10 710 тг.,2023-05-14,https://i-teka.kz/astana/medicaments/glyukometr-bionime-rightest-gm-550-komplekt
Глюкометр Bionime Rightest GM-550 комплект в Астане,"Аптека ""A-farm +"" (А-фарм +)",11 150 тг.,2023-05-14,https://i-teka.kz/astana/medicaments/glyukometr-bionime-rightest-gm-550-komplekt
Глюкометр Bionime Rightest GM-300 комплект в Астане,"Аптека ""Капсула""",9 000 тг.,2023-05-14,https://i-teka.kz/astana/medicaments/glyukometr-bionime-rightest-gm-300-komplekt
Глюкометр Bionime Rightest GM-300 комплект в Астане,"Аптека ""G-farm"" (Джи-фарм)",8 920 тг.,2023-05-14,https://i-teka.kz/astana/medicaments/glyukometr-bionime-rightest-gm-300-komplekt
Глюкометр Bionime Rightest GM-300 комплект в Астане,"Аптека ""Капсула""",8 880 тг.,2023-05-14,https://i-teka.kz/astana/medicaments/glyukometr-bionime-rightest-gm-300-komplekt
Глюкометр Он Колл Симпл (On Call Simple) в Астане,Аптека низких цен,5 060 тг.,2023-05-14,https://i-teka.kz/astana/medicaments/glyukometr-on-koll-simpl-on-call-simple
Глюкометр Сателлит Экспресс  в Астане,"Аптека ""Гиппократ""",12 550 тг.,2023-05-14,https://i-teka.kz/astana/medicaments/glyukometr-satellit-ekspress
Глюкометр Сателлит Экспресс  в Астане,Аптечная сеть ФЕНИКС,11 250 тг.,2023-05-14,https://i-teka.kz/astana/medicaments/glyukometr-satellit-ekspress
Глюкометр Сателлит Экспресс  в Астане,Аптека “GG Pharmacy”,12 870 тг.,2023-05-14,https://i-teka.kz/astana/medicaments/glyukometr-satellit-ekspress
Глюкометр Сателлит Экспресс  в Астане,Аптека,9 160 тг.,2023-05-14,https://i-teka.kz/astana/medicaments/glyukometr-satellit-ekspress
Глюкометр Сателлит Экспресс  в Астане,"Аптека ""Salamat"" (Саламат)",14 500 тг.,2023-05-14,https://i-teka.kz/astana/medicaments/glyukometr-satellit-ekspress
Глюкометр Сателлит Экспресс  в Астане,"Аптека ""Диабетика""",9 800 тг.,2023-05-14,https://i-teka.kz/astana/medicaments/glyukometr-satellit-ekspress
Глюкометр Сателлит Экспресс  в Астане,"Аптека ""Мурат-Фарм № 36""",8 420 тг.,2023-05-14,https://i-teka.kz/astana/medicaments/glyukometr-satellit-ekspress
Глюкометр At Care (Экспресс-анализатор) комплект в Астане,"Аптека ""Гиппократ""",6 000 тг.,2023-05-14,https://i-teka.kz/astana/medicaments/glyukometr-at-care-ekspress-analizator-komplekt
Глюкометр At Care (Экспресс-анализатор) комплект в Астане,Аптека низких цен,5 410 тг.,2023-05-14,https://i-teka.kz/astana/medicaments/glyukometr-at-care-ekspress-analizator-komplekt
Глюкометр At Care (Экспресс-анализатор) комплект в Астане,"Аптека ""BIO Plus"" (БИО Плюс)",5 885 тг.,2023-05-14,https://i-teka.kz/astana/medicaments/glyukometr-at-care-ekspress-analizator-komplekt
Глюкометр At Care (Экспресс-анализатор) комплект в Астане,СТ Плюс Фарм,7 000 тг.,2023-05-14,https://i-teka.kz/astana/medicaments/glyukometr-at-care-ekspress-analizator-komplekt
Глюкометр At Care (Экспресс-анализатор) комплект в Астане,"Аптека ""МедСервис Плюс""",5 845 тг.,2023-05-14,https://i-teka.kz/astana/medicaments/glyukometr-at-care-ekspress-analizator-komplekt
Глюкометр At Care (Экспресс-анализатор) комплект в Астане,"Аптека ""Farm N1""",9 300 тг.,2023-05-14,https://i-teka.kz/astana/medicaments/glyukometr-at-care-ekspress-analizator-komplekt
Глюкометр At Care (Экспресс-анализатор) комплект в Астане,Аптека,6 440 тг.,2023-05-14,https://i-teka.kz/astana/medicaments/glyukometr-at-care-ekspress-analizator-komplekt
Глюкометр At Care (Экспресс-анализатор) комплект в Астане,"Аптека ""ID Pharmacy"" (АйДи Фармаси)",5 940 тг.,2023-05-14,https://i-teka.kz/astana/medicaments/glyukometr-at-care-ekspress-analizator-komplekt
Глюкометр At Care (Экспресс-анализатор) комплект в Астане,"Аптека ""ARNA - 5"" (Арна-5)",5 900 тг.,2023-05-14,https://i-teka.kz/astana/medicaments/glyukometr-at-care-ekspress-analizator-komplekt
Глюкометр At Care (Экспресс-анализатор) комплект в Астане,Аптека Лекарь,5 940 тг.,2023-05-14,https://i-teka.kz/astana/medicaments/glyukometr-at-care-ekspress-analizator-komplekt
Глюкометр At Care (Экспресс-анализатор) комплект в Астане,"Аптека ""Doka Pharm"" (Дока Фарм)",5 500 тг.,2023-05-14,https://i-teka.kz/astana/medicaments/glyukometr-at-care-ekspress-analizator-komplekt
Глюкометр At Care (Экспресс-анализатор) комплект в Астане,Доктор Плюс,6 200 тг.,2023-05-14,https://i-teka.kz/astana/medicaments/glyukometr-at-care-ekspress-analizator-komplekt
Глюкометр At Care (Экспресс-анализатор) комплект в Астане,Аптека низких цен,5 370 тг.,2023-05-14,https://i-teka.kz/astana/medicaments/glyukometr-at-care-ekspress-analizator-komplekt
Глюкометр At Care (Экспресс-анализатор) комплект в Астане,Аптека низких цен,5 430 тг.,2023-05-14,https://i-teka.kz/astana/medicaments/glyukometr-at-care-ekspress-analizator-komplekt
Глюкометр At Care (Экспресс-анализатор) комплект в Астане,Аптека низких цен,5 440 тг.,2023-05-14,https://i-teka.kz/astana/medicaments/glyukometr-at-care-ekspress-analizator-komplekt
Глюкометр At Care (Экспресс-анализатор) комплект в Астане,Аптека “GG Pharmacy”,6 440 тг.,2023-05-14,https://i-teka.kz/astana/medicaments/glyukometr-at-care-ekspress-analizator-komplekt
Глюкометр At Care (Экспресс-анализатор) комплект в Астане,Аптека низких цен,5 550 тг.,2023-05-14,https://i-teka.kz/astana/medicaments/glyukometr-at-care-ekspress-analizator-komplekt
Глюкометр At Care (Экспресс-анализатор) комплект в Астане,Аптека Tengripharm (Тэнгрифарм),5 115 тг.,2023-05-14,https://i-teka.kz/astana/medicaments/glyukometr-at-care-ekspress-analizator-komplekt
Глюкометр At Care (Экспресс-анализатор) комплект в Астане,Аптека “GG Pharmacy”,5 940 тг.,2023-05-14,https://i-teka.kz/astana/medicaments/glyukometr-at-care-ekspress-analizator-komplekt
Глюкометр At Care (Экспресс-анализатор) комплект в Астане,"Аптека ""Fleming"" (Флэминг)",7 500 тг.,2023-05-14,https://i-teka.kz/astana/medicaments/glyukometr-at-care-ekspress-analizator-komplekt
Глюкометр At Care (Экспресс-анализатор) комплект в Астане,Аптека «АЛТЫН ШАР»,6 160 тг.,2023-05-14,https://i-teka.kz/astana/medicaments/glyukometr-at-care-ekspress-analizator-komplekt
Глюкометр At Care (Экспресс-анализатор) комплект в Астане,Аптека ЭКО,6 520 тг.,2023-05-14,https://i-teka.kz/astana/medicaments/glyukometr-at-care-ekspress-analizator-komplekt
Глюкометр At Care (Экспресс-анализатор) комплект в Астане,Аптека ЭКО,6 000 тг.,2023-05-14,https://i-teka.kz/astana/medicaments/glyukometr-at-care-ekspress-analizator-komplekt
Глюкометр At Care (Экспресс-анализатор) комплект в Астане,Аптека ZERDE (Зерде),6 650 тг.,2023-05-14,https://i-teka.kz/astana/medicaments/glyukometr-at-care-ekspress-analizator-komplekt
Глюкометр At Care (Экспресс-анализатор) комплект в Астане,Аптека ZERDE (Зерде),6 350 тг.,2023-05-14,https://i-teka.kz/astana/medicaments/glyukometr-at-care-ekspress-analizator-komplekt
Глюкометр At Care (Экспресс-анализатор) комплект в Астане,Аптека ZERDE (Зерде),6 700 тг.,2023-05-14,https://i-teka.kz/astana/medicaments/glyukometr-at-care-ekspress-analizator-komplekt
Глюкометр At Care (Экспресс-анализатор) комплект в Астане,Аптека ZERDE (Зерде),6 100 тг.,2023-05-14,https://i-teka.kz/astana/medicaments/glyukometr-at-care-ekspress-analizator-komplekt
Глюкометр At Care (Экспресс-анализатор) комплект в Астане,"Аптека ""Глюкоза""",6 040 тг.,2023-05-14,https://i-teka.kz/astana/medicaments/glyukometr-at-care-ekspress-analizator-komplekt
Глюкометр At Care (Экспресс-анализатор) комплект в Астане,"Аптека ""Salamat"" (Саламат)",5 900 тг.,2023-05-14,https://i-teka.kz/astana/medicaments/glyukometr-at-care-ekspress-analizator-komplekt
Глюкометр At Care (Экспресс-анализатор) комплект в Астане,"Аптека ""Salamat"" (Саламат)",6 300 тг.,2023-05-14,https://i-teka.kz/astana/medicaments/glyukometr-at-care-ekspress-analizator-komplekt
Глюкометр Контур Плюс (Contour Plus)  комплект в Астане,"Аптека ""Salamat"" (Саламат)",3 800 тг.,2023-05-14,https://i-teka.kz/astana/medicaments/glyukometr-kontur-plyus-contour-plus-komplekt
Глюкометр Контур Плюс (Contour Plus)  комплект в Астане,"Аптека ""Доктор Плюс""",3 130 тг.,2023-05-14,https://i-teka.kz/astana/medicaments/glyukometr-kontur-plyus-contour-plus-komplekt
Глюкометр Контур Плюс (Contour Plus)  комплект в Астане,"Аптека ""Aziza Pharm"" (Азиза фарм)",4 400 тг.,2023-05-14,https://i-teka.kz/astana/medicaments/glyukometr-kontur-plyus-contour-plus-komplekt
Глюкометр Контур Плюс (Contour Plus)  комплект в Астане,Аптека низких цен,2 900 тг.,2023-05-14,https://i-teka.kz/astana/medicaments/glyukometr-kontur-plyus-contour-plus-komplekt
Глюкометр Контур Плюс (Contour Plus)  комплект в Астане,"Аптека ""Максима-фарм""",2 500 тг.,2023-05-14,https://i-teka.kz/astana/medicaments/glyukometr-kontur-plyus-contour-plus-komplekt
Глюкометр Контур Плюс (Contour Plus)  комплект в Астане,"Аптека ""Максима-фарм""",3 880 тг.,2023-05-14,https://i-teka.kz/astana/medicaments/glyukometr-kontur-plyus-contour-plus-komplekt
Глюкометр Контур Плюс (Contour Plus)  комплект в Астане,"Аптека ""Диабетика""",3 500 тг.,2023-05-14,https://i-teka.kz/astana/medicaments/glyukometr-kontur-plyus-contour-plus-komplekt
Глюкометр Глюкокард Сигма (Glucocard Sigma) комплект в Астане,Аптека Tengripharm (Тэнгрифарм),6 130 тг.,2023-05-14,https://i-teka.kz/astana/medicaments/glyukometr-glyukokard-sigma-glucocard-sigma-komplekt
Глюкометр Акку-Чек (Accu-Chek) Перформа Нано комплект в Астане,"Аптека ""Salamat"" (Саламат)",5 000 тг.,2023-05-14,https://i-teka.kz/astana/medicaments/glyukometr-akku-chek-accu-chek-performa-nano-komplekt
Глюкометр Акку-Чек (Accu-Chek) Перформа Нано комплект в Астане,"Аптека ""Диабетика""",5 500 тг.,2023-05-14,https://i-teka.kz/astana/medicaments/glyukometr-akku-chek-accu-chek-performa-nano-komplekt
Глюкометр Акку-Чек (Accu-Chek) Актив комплект в Астане,"Аптека ""Гиппократ""",5 590 тг.,2023-05-14,https://i-teka.kz/astana/medicaments/glyukometr-akku-chek-accu-chek-aktiv-komplekt
Глюкометр Акку-Чек (Accu-Chek) Актив комплект в Астане,Аптека Иммуно +,5 300 тг.,2023-05-14,https://i-teka.kz/astana/medicaments/glyukometr-akku-chek-accu-chek-aktiv-komplekt
Глюкометр Акку-Чек (Accu-Chek) Актив комплект в Астане,Аптечная сеть ФЕНИКС,6 360 тг.,2023-05-14,https://i-teka.kz/astana/medicaments/glyukometr-akku-chek-accu-chek-aktiv-komplekt
Глюкометр Акку-Чек (Accu-Chek) Актив комплект в Астане,Аптечная сеть ФЕНИКС,6 360 тг.,2023-05-14,https://i-teka.kz/astana/medicaments/glyukometr-akku-chek-accu-chek-aktiv-komplekt
Глюкометр Акку-Чек (Accu-Chek) Актив комплект в Астане,"Аптека ""Шипагер""",6 500 тг.,2023-05-14,https://i-teka.kz/astana/medicaments/glyukometr-akku-chek-accu-chek-aktiv-komplekt
Глюкометр Акку-Чек (Accu-Chek) Актив комплект в Астане,ЭКО АПТЕКА,6 720 тг.,2023-05-14,https://i-teka.kz/astana/medicaments/glyukometr-akku-chek-accu-chek-aktiv-komplekt
Глюкометр Акку-Чек (Accu-Chek) Актив комплект в Астане,Аптека Д3 D3,7 600 тг.,2023-05-14,https://i-teka.kz/astana/medicaments/glyukometr-akku-chek-accu-chek-aktiv-komplekt
Глюкометр Акку-Чек (Accu-Chek) Актив комплект в Астане,Аптека 24/7,6 690 тг.,2023-05-14,https://i-teka.kz/astana/medicaments/glyukometr-akku-chek-accu-chek-aktiv-komplekt
Глюкометр Акку-Чек (Accu-Chek) Актив комплект в Астане,"Аптека ""Иммунитет""",6 870 тг.,2023-05-14,https://i-teka.kz/astana/medicaments/glyukometr-akku-chek-accu-chek-aktiv-komplekt
Глюкометр Акку-Чек (Accu-Chek) Актив комплект в Астане,"Аптека ""ARNA - 1"" (Арна-1)",6 500 тг.,2023-05-14,https://i-teka.kz/astana/medicaments/glyukometr-akku-chek-accu-chek-aktiv-komplekt
Глюкометр Акку-Чек (Accu-Chek) Актив комплект в Астане,"Аптека ИП ""Мермидия""",6 250 тг.,2023-05-14,https://i-teka.kz/astana/medicaments/glyukometr-akku-chek-accu-chek-aktiv-komplekt
Глюкометр Акку-Чек (Accu-Chek) Актив комплект в Астане,Аптека,7 460 тг.,2023-05-14,https://i-teka.kz/astana/medicaments/glyukometr-akku-chek-accu-chek-aktiv-komplekt
Глюкометр Акку-Чек (Accu-Chek) Актив комплект в Астане,Аптека Alifarm (Алифарм),7 020 тг.,2023-05-14,https://i-teka.kz/astana/medicaments/glyukometr-akku-chek-accu-chek-aktiv-komplekt
Глюкометр Акку-Чек (Accu-Chek) Актив комплект в Астане,Darihana № 1,5 500 тг.,2023-05-14,https://i-teka.kz/astana/medicaments/glyukometr-akku-chek-accu-chek-aktiv-komplekt
Глюкометр Акку-Чек (Accu-Chek) Актив комплект в Астане,Басит-Фарм,6 800 тг.,2023-05-14,https://i-teka.kz/astana/medicaments/glyukometr-akku-chek-accu-chek-aktiv-komplekt
Глюкометр Акку-Чек (Accu-Chek) Актив комплект в Астане,"Аптека ""Aziamed"" (Азиямед)",6 220 тг.,2023-05-14,https://i-teka.kz/astana/medicaments/glyukometr-akku-chek-accu-chek-aktiv-komplekt
Глюкометр Акку-Чек (Accu-Chek) Актив комплект в Астане,Аптека низких цен,6 160 тг.,2023-05-14,https://i-teka.kz/astana/medicaments/glyukometr-akku-chek-accu-chek-aktiv-komplekt
Глюкометр Акку-Чек (Accu-Chek) Актив комплект в Астане,Аптека Landysh (Ландыш),5 990 тг.,2023-05-14,https://i-teka.kz/astana/medicaments/glyukometr-akku-chek-accu-chek-aktiv-komplekt
Глюкометр Акку-Чек (Accu-Chek) Актив комплект в Астане,Аптека низких цен,6 560 тг.,2023-05-14,https://i-teka.kz/astana/medicaments/glyukometr-akku-chek-accu-chek-aktiv-komplekt
Глюкометр Акку-Чек (Accu-Chek) Актив комплект в Астане,"Аптека ""ФАРМАКОМ""",6 220 тг.,2023-05-14,https://i-teka.kz/astana/medicaments/glyukometr-akku-chek-accu-chek-aktiv-komplekt
Глюкометр Акку-Чек (Accu-Chek) Актив комплект в Астане,Аптека низких цен,3 330 тг.,2023-05-14,https://i-teka.kz/astana/medicaments/glyukometr-akku-chek-accu-chek-aktiv-komplekt
Глюкометр Акку-Чек (Accu-Chek) Актив комплект в Астане,"Аптека ""Шалфей""",6 145 тг.,2023-05-14,https://i-teka.kz/astana/medicaments/glyukometr-akku-chek-accu-chek-aktiv-komplekt
Глюкометр Акку-Чек (Accu-Chek) Актив комплект в Астане,Аптека низких цен,3 530 тг.,2023-05-14,https://i-teka.kz/astana/medicaments/glyukometr-akku-chek-accu-chek-aktiv-komplekt
Глюкометр Акку-Чек (Accu-Chek) Актив комплект в Астане,"Аптека ""Ландыш""",6 615 тг.,2023-05-14,https://i-teka.kz/astana/medicaments/glyukometr-akku-chek-accu-chek-aktiv-komplekt
Глюкометр Акку-Чек (Accu-Chek) Актив комплект в Астане,Аптека “GG Pharmacy”,7 780 тг.,2023-05-14,https://i-teka.kz/astana/medicaments/glyukometr-akku-chek-accu-chek-aktiv-komplekt
Глюкометр Акку-Чек (Accu-Chek) Актив комплект в Астане,Аптека “GG Pharmacy”,7 000 тг.,2023-05-14,https://i-teka.kz/astana/medicaments/glyukometr-akku-chek-accu-chek-aktiv-komplekt
Глюкометр Акку-Чек (Accu-Chek) Актив комплект в Астане,"Аптека ""Малина""",7 400 тг.,2023-05-14,https://i-teka.kz/astana/medicaments/glyukometr-akku-chek-accu-chek-aktiv-komplekt
Глюкометр Акку-Чек (Accu-Chek) Актив комплект в Астане,Аптека низких цен,7 580 тг.,2023-05-14,https://i-teka.kz/astana/medicaments/glyukometr-akku-chek-accu-chek-aktiv-komplekt
Глюкометр Акку-Чек (Accu-Chek) Актив комплект в Астане,Аптека низких цен,5 950 тг.,2023-05-14,https://i-teka.kz/astana/medicaments/glyukometr-akku-chek-accu-chek-aktiv-komplekt
Глюкометр Акку-Чек (Accu-Chek) Актив комплект в Астане,DIAMOND PHARMACY 1,6 350 тг.,2023-05-14,https://i-teka.kz/astana/medicaments/glyukometr-akku-chek-accu-chek-aktiv-komplekt
Батарейка на глюкометры в Астане,"Аптека ""Диабетика""",500 тг.,2023-05-14,https://i-teka.kz/astana/medicaments/batareyka-na-glyukometry
Ланцеты Microlet  № 200 в Астане,"Аптека ""Гиппократ""",6 000 тг.,2023-05-14,https://i-teka.kz/astana/medicaments/lancety-microlet-200
Ланцеты Microlet  № 200 в Астане,"Аптека ""Эликсир""",7 300 тг.,2023-05-14,https://i-teka.kz/astana/medicaments/lancety-microlet-200
Ланцеты IME-DC  № 100 в Астане,Аптека 911,2 390 тг.,2023-05-14,https://i-teka.kz/astana/medicaments/lancety-ime-dc-100
Ланцеты IME-DC  № 100 в Астане,"Аптека ""ARNA - 5"" (Арна-5)",2 200 тг.,2023-05-14,https://i-teka.kz/astana/medicaments/lancety-ime-dc-100
Ланцеты IME-DC  № 100 в Астане,"Аптека ""Старый Лекарь""",2 550 тг.,2023-05-14,https://i-teka.kz/astana/medicaments/lancety-ime-dc-100
Ланцеты IME-DC  № 100 в Астане,Аптека Landysh (Ландыш),2 210 тг.,2023-05-14,https://i-teka.kz/astana/medicaments/lancety-ime-dc-100
Ланцеты IME-DC  № 100 в Астане,"Аптека ""AKA Pharm""",2 375 тг.,2023-05-14,https://i-teka.kz/astana/medicaments/lancety-ime-dc-100
Ланцеты IME-DC  № 100 в Астане,"Аптека ""Ландыш""",2 260 тг.,2023-05-14,https://i-teka.kz/astana/medicaments/lancety-ime-dc-100
Ланцеты IME-DC  № 100 в Астане,Аптека Tengripharm (Тэнгрифарм),2 035 тг.,2023-05-14,https://i-teka.kz/astana/medicaments/lancety-ime-dc-100
Ланцеты IME-DC  № 100 в Астане,"Аптека ""МониФарм""",2 400 тг.,2023-05-14,https://i-teka.kz/astana/medicaments/lancety-ime-dc-100
Ланцеты IME-DC  № 100 в Астане,"Аптека ""Salamat"" (Саламат)",2 220 тг.,2023-05-14,https://i-teka.kz/astana/medicaments/lancety-ime-dc-100
Ланцеты IME-DC  № 100 в Астане,"Аптека ""REZEPT"" (Рецепт)",2 800 тг.,2023-05-14,https://i-teka.kz/astana/medicaments/lancety-ime-dc-100
Ланцеты Акку-Чек (Accu-Chek) Safe-T-Pro Plus № 200 в Астане,"Аптека ""Гиппократ""",10 000 тг.,2023-05-14,https://i-teka.kz/astana/medicaments/lancety-akku-chek-accu-chek-safe-t-pro-plus-200
Ланцеты Акку-Чек (Accu-Chek) Safe-T-Pro Plus № 200 в Астане,"Аптека ""МедСервис Плюс""",9 085 тг.,2023-05-14,https://i-teka.kz/astana/medicaments/lancety-akku-chek-accu-chek-safe-t-pro-plus-200
Ланцеты Акку-Чек (Accu-Chek) Safe-T-Pro Plus № 200 в Астане,"Аптека ""ARM PHARM"" (АРМ Фарм)",12 360 тг.,2023-05-14,https://i-teka.kz/astana/medicaments/lancety-akku-chek-accu-chek-safe-t-pro-plus-200
Ланцеты Акку-Чек (Accu-Chek) Safe-T-Pro Plus № 200 в Астане,Аптека низких цен,9 310 тг.,2023-05-14,https://i-teka.kz/astana/medicaments/lancety-akku-chek-accu-chek-safe-t-pro-plus-200
Ланцеты Акку-Чек (Accu-Chek) Safe-T-Pro Plus № 200 в Астане,Аптека низких цен,11 540 тг.,2023-05-14,https://i-teka.kz/astana/medicaments/lancety-akku-chek-accu-chek-safe-t-pro-plus-200
Ланцеты Акку-Чек (Accu-Chek) Safe-T-Pro Plus № 200 в Астане,Аптека низких цен,11 120 тг.,2023-05-14,https://i-teka.kz/astana/medicaments/lancety-akku-chek-accu-chek-safe-t-pro-plus-200
Ланцеты Акку-Чек (Accu-Chek) Safe-T-Pro Plus № 200 в Астане,Аптека низких цен,11 120 тг.,2023-05-14,https://i-teka.kz/astana/medicaments/lancety-akku-chek-accu-chek-safe-t-pro-plus-200
Ланцеты Акку-Чек (Accu-Chek) Safe-T-Pro Plus № 200 в Астане,Аптека низких цен,9 310 тг.,2023-05-14,https://i-teka.kz/astana/medicaments/lancety-akku-chek-accu-chek-safe-t-pro-plus-200
Ланцеты Акку-Чек (Accu-Chek) Safe-T-Pro Plus № 200 в Астане,Аптека низких цен,11 540 тг.,2023-05-14,https://i-teka.kz/astana/medicaments/lancety-akku-chek-accu-chek-safe-t-pro-plus-200
Ланцеты Акку-Чек (Accu-Chek) Safe-T-Pro Plus № 200 в Астане,Аптека низких цен,11 250 тг.,2023-05-14,https://i-teka.kz/astana/medicaments/lancety-akku-chek-accu-chek-safe-t-pro-plus-200
Ланцеты Акку-Чек (Accu-Chek) Safe-T-Pro Plus № 200 в Астане,"Аптека ""ФАРМАКОМ""",12 725 тг.,2023-05-14,https://i-teka.kz/astana/medicaments/lancety-akku-chek-accu-chek-safe-t-pro-plus-200
Ланцеты Акку-Чек (Accu-Chek) Safe-T-Pro Plus № 200 в Астане,"Аптека ""ФАРМАКОМ""",12 800 тг.,2023-05-14,https://i-teka.kz/astana/medicaments/lancety-akku-chek-accu-chek-safe-t-pro-plus-200
Ланцеты Акку-Чек (Accu-Chek) Safe-T-Pro Plus № 200 в Астане,"Аптека ""ФАРМАКОМ""",12 600 тг.,2023-05-14,https://i-teka.kz/astana/medicaments/lancety-akku-chek-accu-chek-safe-t-pro-plus-200
Ланцеты Акку-Чек (Accu-Chek) Safe-T-Pro Plus № 200 в Астане,Аптека низких цен,15 140 тг.,2023-05-14,https://i-teka.kz/astana/medicaments/lancety-akku-chek-accu-chek-safe-t-pro-plus-200
Ланцеты Акку-Чек (Accu-Chek) Safe-T-Pro Plus № 200 в Астане,Аптека низких цен,9 220 тг.,2023-05-14,https://i-teka.kz/astana/medicaments/lancety-akku-chek-accu-chek-safe-t-pro-plus-200
Ланцеты Акку-Чек (Accu-Chek) Safe-T-Pro Plus № 200 в Астане,Аптека низких цен,11 200 тг.,2023-05-14,https://i-teka.kz/astana/medicaments/lancety-akku-chek-accu-chek-safe-t-pro-plus-200
Ланцеты Акку-Чек (Accu-Chek) Safe-T-Pro Plus № 200 в Астане,Аптека низких цен,11 220 тг.,2023-05-14,https://i-teka.kz/astana/medicaments/lancety-akku-chek-accu-chek-safe-t-pro-plus-200
Ланцеты Акку-Чек (Accu-Chek) Safe-T-Pro Plus № 200 в Астане,Аптека низких цен,11 630 тг.,2023-05-14,https://i-teka.kz/astana/medicaments/lancety-akku-chek-accu-chek-safe-t-pro-plus-200
Ланцеты Акку-Чек (Accu-Chek) Safe-T-Pro Plus № 200 в Астане,Аптека низких цен,12 000 тг.,2023-05-14,https://i-teka.kz/astana/medicaments/lancety-akku-chek-accu-chek-safe-t-pro-plus-200
Ланцеты Акку-Чек (Accu-Chek) Safe-T-Pro Plus № 200 в Астане,Аптека низких цен,11 800 тг.,2023-05-14,https://i-teka.kz/astana/medicaments/lancety-akku-chek-accu-chek-safe-t-pro-plus-200
Ланцеты Акку-Чек (Accu-Chek) Safe-T-Pro Plus № 200 в Астане,Аптека со склада,8 830 тг.,2023-05-14,https://i-teka.kz/astana/medicaments/lancety-akku-chek-accu-chek-safe-t-pro-plus-200
Ланцеты Акку-Чек (Accu-Chek) Safe-T-Pro Plus № 200 в Астане,Аптека ZERDE (Зерде),9 900 тг.,2023-05-14,https://i-teka.kz/astana/medicaments/lancety-akku-chek-accu-chek-safe-t-pro-plus-200
Ланцеты Акку-Чек (Accu-Chek) Safe-T-Pro Plus № 200 в Астане,Аптека Family Pharm (Фэмили Фарм),13 000 тг.,2023-05-14,https://i-teka.kz/astana/medicaments/lancety-akku-chek-accu-chek-safe-t-pro-plus-200
Ланцеты Акку-Чек (Accu-Chek) Safe-T-Pro Plus № 200 в Астане,"Аптека ""Salamat"" (Саламат)",10 000 тг.,2023-05-14,https://i-teka.kz/astana/medicaments/lancety-akku-chek-accu-chek-safe-t-pro-plus-200
Ланцеты Акку-Чек (Accu-Chek) Safe-T-Pro Plus № 200 в Астане,"Аптека ""Salamat"" (Саламат)",14 000 тг.,2023-05-14,https://i-teka.kz/astana/medicaments/lancety-akku-chek-accu-chek-safe-t-pro-plus-200
Ланцеты Акку-Чек (Accu-Chek) Safe-T-Pro Plus № 200 в Астане,Аптека низких цен,9 280 тг.,2023-05-14,https://i-teka.kz/astana/medicaments/lancety-akku-chek-accu-chek-safe-t-pro-plus-200
Ланцеты Акку-Чек (Accu-Chek) Safe-T-Pro Plus № 200 в Астане,"Аптека ""Salamat"" (Саламат)",12 500 тг.,2023-05-14,https://i-teka.kz/astana/medicaments/lancety-akku-chek-accu-chek-safe-t-pro-plus-200
Ланцеты Акку-Чек (Accu-Chek) Safe-T-Pro Plus № 200 в Астане,"Аптека ""Диабетика""",14 000 тг.,2023-05-14,https://i-teka.kz/astana/medicaments/lancety-akku-chek-accu-chek-safe-t-pro-plus-200
Ланцеты At Care № 100 в Астане,"Аптека ""Глюкоза""",1 700 тг.,2023-05-14,https://i-teka.kz/astana/medicaments/lancety-at-care-100
Глюкометр Тру Резалт (True Result) в Астане,Аптека низких цен,8 050 тг.,2023-05-14,https://i-teka.kz/astana/medicaments/glyukometr-tru-rezalt-true-result
Глюкометр Тру Резалт (True Result) в Астане,"Аптека ""Диабетика""",4 500 тг.,2023-05-14,https://i-teka.kz/astana/medicaments/glyukometr-tru-rezalt-true-result
Тест-полоски ABK Care Multi на глюкозу № 50 в Астане,Дежурная аптека,4 230 тг.,2023-05-14,https://i-teka.kz/astana/medicaments/test-poloski-abk-care-multi-na-glyukozu-50
Тест-полоски ABK Care Multi на глюкозу № 50 в Астане,"Аптека ""Aziza Pharm"" (Азиза фарм)",4 240 тг.,2023-05-14,https://i-teka.kz/astana/medicaments/test-poloski-abk-care-multi-na-glyukozu-50
Тест-полоски ABK Care Multi на глюкозу № 50 в Астане,"Аптека ""Salamat"" (Саламат)",4 000 тг.,2023-05-14,https://i-teka.kz/astana/medicaments/test-poloski-abk-care-multi-na-glyukozu-50
Тест-полоски ABK Care Multi на глюкозу № 50 в Астане,"Аптека ""Ерке Фарм""",4 260 тг.,2023-05-14,https://i-teka.kz/astana/medicaments/test-poloski-abk-care-multi-na-glyukozu-50
Тест-полоски ABK Care Multi на глюкозу № 50 в Астане,"Аптека ""Salamat"" (Саламат)",3 990 тг.,2023-05-14,https://i-teka.kz/astana/medicaments/test-poloski-abk-care-multi-na-glyukozu-50
Тест-полоски ABK Care Multi на глюкозу № 50 в Астане,"Аптека ""Диабетика""",4 600 тг.,2023-05-14,https://i-teka.kz/astana/medicaments/test-poloski-abk-care-multi-na-glyukozu-50
Пурегон Пэн ручка в Астане,Дәріхана,7 800 тг.,2023-05-14,https://i-teka.kz/astana/medicaments/puregon-pen-ruchka
Пурегон Пэн ручка в Астане,"Аптека ""AsiaPharm"" (АзияФарм)",7 000 тг.,2023-05-14,https://i-teka.kz/astana/medicaments/puregon-pen-ruchka
Пурегон Пэн ручка в Астане,Сервис по доставке лекарств «Pharm Buyer»,10 059 тг.,2023-05-14,https://i-teka.kz/astana/medicaments/puregon-pen-ruchka
Ланцеты Он Колл Симпл (On Call Simple)  № 100 в Астане,Аптека низких цен,1 050 тг.,2023-05-14,https://i-teka.kz/astana/medicaments/lancety-on-koll-simpl-on-call-simple-100
Ланцеты Акку-Чек (Accu-Chek) Фасткликс № 102 в Астане,"Аптека ""Диабетика""",3 840 тг.,2023-05-14,https://i-teka.kz/astana/medicaments/lancety-akku-chek-accu-chek-fastkliks-102
Тест-полоски к глюкометру IME-DC iDia № 50 в Астане,"Аптека ""Диабетика""",6 000 тг.,2023-05-14,https://i-teka.kz/astana/medicaments/test-poloski-k-glyukometru-ime-dc-idia-50
Ланцеты Акку-Чек (Accu-Chek) Софткликс № 200 в Астане,"Аптека ""Salamat"" (Саламат)",5 100 тг.,2023-05-14,https://i-teka.kz/astana/medicaments/lancety-akku-chek-accu-chek-softkliks-200
Ланцеты Акку-Чек (Accu-Chek) Софткликс № 200 в Астане,Аптека 911,5 120 тг.,2023-05-14,https://i-teka.kz/astana/medicaments/lancety-akku-chek-accu-chek-softkliks-200
Ланцеты Акку-Чек (Accu-Chek) Софткликс № 200 в Астане,"Аптека ""МедСервис Плюс""",4 555 тг.,2023-05-14,https://i-teka.kz/astana/medicaments/lancety-akku-chek-accu-chek-softkliks-200
Ланцеты Акку-Чек (Accu-Chek) Софткликс № 200 в Астане,"Аптека ""Жить здорОво""",4 755 тг.,2023-05-14,https://i-teka.kz/astana/medicaments/lancety-akku-chek-accu-chek-softkliks-200
Ланцеты Акку-Чек (Accu-Chek) Софткликс № 200 в Астане,"Аптека ""Aziamed"" (Азиямед)",6 500 тг.,2023-05-14,https://i-teka.kz/astana/medicaments/lancety-akku-chek-accu-chek-softkliks-200
Ланцеты Акку-Чек (Accu-Chek) Софткликс № 200 в Астане,Аптека низких цен,6 350 тг.,2023-05-14,https://i-teka.kz/astana/medicaments/lancety-akku-chek-accu-chek-softkliks-200
Ланцеты Акку-Чек (Accu-Chek) Софткликс № 200 в Астане,Аптека низких цен,6 350 тг.,2023-05-14,https://i-teka.kz/astana/medicaments/lancety-akku-chek-accu-chek-softkliks-200
Ланцеты Акку-Чек (Accu-Chek) Софткликс № 200 в Астане,Аптека низких цен,4 620 тг.,2023-05-14,https://i-teka.kz/astana/medicaments/lancety-akku-chek-accu-chek-softkliks-200
Ланцеты Акку-Чек (Accu-Chek) Софткликс № 200 в Астане,"Аптека ""Шалфей""",6 190 тг.,2023-05-14,https://i-teka.kz/astana/medicaments/lancety-akku-chek-accu-chek-softkliks-200
Ланцеты Акку-Чек (Accu-Chek) Софткликс № 200 в Астане,Аптека низких цен,6 350 тг.,2023-05-14,https://i-teka.kz/astana/medicaments/lancety-akku-chek-accu-chek-softkliks-200
Ланцеты Акку-Чек (Accu-Chek) Софткликс № 200 в Астане,Аптека низких цен,5 290 тг.,2023-05-14,https://i-teka.kz/astana/medicaments/lancety-akku-chek-accu-chek-softkliks-200
Ланцеты Акку-Чек (Accu-Chek) Софткликс № 200 в Астане,"Аптека ""Ландыш""",6 085 тг.,2023-05-14,https://i-teka.kz/astana/medicaments/lancety-akku-chek-accu-chek-softkliks-200
Ланцеты Акку-Чек (Accu-Chek) Софткликс № 200 в Астане,Pharmteka (Фармтека),6 190 тг.,2023-05-14,https://i-teka.kz/astana/medicaments/lancety-akku-chek-accu-chek-softkliks-200
Ланцеты Акку-Чек (Accu-Chek) Софткликс № 200 в Астане,Аптека низких цен,5 110 тг.,2023-05-14,https://i-teka.kz/astana/medicaments/lancety-akku-chek-accu-chek-softkliks-200
Ланцеты Акку-Чек (Accu-Chek) Софткликс № 200 в Астане,Аптека низких цен,6 350 тг.,2023-05-14,https://i-teka.kz/astana/medicaments/lancety-akku-chek-accu-chek-softkliks-200
Ланцеты Акку-Чек (Accu-Chek) Софткликс № 200 в Астане,Аптека низких цен,4 620 тг.,2023-05-14,https://i-teka.kz/astana/medicaments/lancety-akku-chek-accu-chek-softkliks-200
Ланцеты Акку-Чек (Accu-Chek) Софткликс № 200 в Астане,Аптека “GG Pharmacy”,5 150 тг.,2023-05-14,https://i-teka.kz/astana/medicaments/lancety-akku-chek-accu-chek-softkliks-200
Ланцеты Акку-Чек (Accu-Chek) Софткликс № 200 в Астане,АВИЦЕННА АПТЕКА 2,50 тг.,2023-05-14,https://i-teka.kz/astana/medicaments/lancety-akku-chek-accu-chek-softkliks-200
Ланцеты Акку-Чек (Accu-Chek) Софткликс № 200 в Астане,"Аптека ""Salamat"" (Саламат)",6 850 тг.,2023-05-14,https://i-teka.kz/astana/medicaments/lancety-akku-chek-accu-chek-softkliks-200
Ланцеты Акку-Чек (Accu-Chek) Софткликс № 200 в Астане,"Аптека ""Глюкоза""",5 700 тг.,2023-05-14,https://i-teka.kz/astana/medicaments/lancety-akku-chek-accu-chek-softkliks-200
Ланцеты Акку-Чек (Accu-Chek) Софткликс № 200 в Астане,Аптека FARMACIA (Фармация),6 940 тг.,2023-05-14,https://i-teka.kz/astana/medicaments/lancety-akku-chek-accu-chek-softkliks-200
Ланцеты Акку-Чек (Accu-Chek) Софткликс № 200 в Астане,"Аптека ""Максима-фарм""",12 000 тг.,2023-05-14,https://i-teka.kz/astana/medicaments/lancety-akku-chek-accu-chek-softkliks-200
Ланцеты Акку-Чек (Accu-Chek) Софткликс № 200 в Астане,"Аптека ""Малина""",5 500 тг.,2023-05-14,https://i-teka.kz/astana/medicaments/lancety-akku-chek-accu-chek-softkliks-200
Ланцеты Акку-Чек (Accu-Chek) Софткликс № 200 в Астане,"Аптека ""А-фарм""",5 600 тг.,2023-05-14,https://i-teka.kz/astana/medicaments/lancety-akku-chek-accu-chek-softkliks-200
Ланцеты Акку-Чек (Accu-Chek) Софткликс № 200 в Астане,"Аптека ""Salamat"" (Саламат)",5 900 тг.,2023-05-14,https://i-teka.kz/astana/medicaments/lancety-akku-chek-accu-chek-softkliks-200
Ланцеты Акку-Чек (Accu-Chek) Софткликс № 200 в Астане,"Аптека ""Диабетика""",5 950 тг.,2023-05-14,https://i-teka.kz/astana/medicaments/lancety-akku-chek-accu-chek-softkliks-200
Ланцеты Акку-Чек (Accu-Chek) Софткликс № 200 в Астане,"Аптека ""DamuPharma"" (Даму фарма)",5 150 тг.,2023-05-14,https://i-teka.kz/astana/medicaments/lancety-akku-chek-accu-chek-softkliks-200
Ланцеты Акку-Чек (Accu-Chek) Софткликс № 25 в Астане,"Аптека ""Гиппократ""",630 тг.,2023-05-14,https://i-teka.kz/astana/medicaments/lancety-akku-chek-accu-chek-softkliks-25
Ланцеты Lianfa № 100 в Астане,"Аптека ""Диабетика""",1 300 тг.,2023-05-14,https://i-teka.kz/astana/medicaments/lancety-lianfa-100
Ланцеты Акку-Чек (Accu-Chek) Софткликс № 25 в Астане,Аптечная сеть ФЕНИКС,650 тг.,2023-05-14,https://i-teka.kz/astana/medicaments/lancety-akku-chek-accu-chek-softkliks-25
Ланцеты Акку-Чек (Accu-Chek) Софткликс № 25 в Астане,Аптечная сеть ФЕНИКС,1 175 тг.,2023-05-14,https://i-teka.kz/astana/medicaments/lancety-akku-chek-accu-chek-softkliks-25
Ланцеты Акку-Чек (Accu-Chek) Софткликс № 25 в Астане,Аптечная сеть ФЕНИКС,1 175 тг.,2023-05-14,https://i-teka.kz/astana/medicaments/lancety-akku-chek-accu-chek-softkliks-25
Ланцеты Акку-Чек (Accu-Chek) Софткликс № 25 в Астане,"Аптека ""BIO Plus"" (БИО Плюс)",650 тг.,2023-05-14,https://i-teka.kz/astana/medicaments/lancety-akku-chek-accu-chek-softkliks-25
Ланцеты Акку-Чек (Accu-Chek) Софткликс № 25 в Астане,"Аптека ""Aziamed"" (Азиямед)",890 тг.,2023-05-14,https://i-teka.kz/astana/medicaments/lancety-akku-chek-accu-chek-softkliks-25
Ланцеты Акку-Чек (Accu-Chek) Софткликс № 25 в Астане,Аптека Д3 D3,880 тг.,2023-05-14,https://i-teka.kz/astana/medicaments/lancety-akku-chek-accu-chek-softkliks-25
Ланцеты Акку-Чек (Accu-Chek) Софткликс № 25 в Астане,Аптека 911,700 тг.,2023-05-14,https://i-teka.kz/astana/medicaments/lancety-akku-chek-accu-chek-softkliks-25
Ланцеты Акку-Чек (Accu-Chek) Софткликс № 25 в Астане,"Аптека ""ДинаФарм""",1 150 тг.,2023-05-14,https://i-teka.kz/astana/medicaments/lancety-akku-chek-accu-chek-softkliks-25
Ланцеты Акку-Чек (Accu-Chek) Софткликс № 25 в Астане,"Аптека ""МедСервис Плюс""",700 тг.,2023-05-14,https://i-teka.kz/astana/medicaments/lancety-akku-chek-accu-chek-softkliks-25
Ланцеты Акку-Чек (Accu-Chek) Софткликс № 25 в Астане,Дәріхана,700 тг.,2023-05-14,https://i-teka.kz/astana/medicaments/lancety-akku-chek-accu-chek-softkliks-25
Ланцеты Акку-Чек (Accu-Chek) Софткликс № 25 в Астане,D'ARIHANA - АПТЕКА,840 тг.,2023-05-14,https://i-teka.kz/astana/medicaments/lancety-akku-chek-accu-chek-softkliks-25
Ланцеты Акку-Чек (Accu-Chek) Софткликс № 25 в Астане,"Аптека ""Organic pharmacy"" (Органик фармаси)",1 200 тг.,2023-05-14,https://i-teka.kz/astana/medicaments/lancety-akku-chek-accu-chek-softkliks-25
Ланцеты Акку-Чек (Accu-Chek) Софткликс № 25 в Астане,Аптека Столицы,630 тг.,2023-05-14,https://i-teka.kz/astana/medicaments/lancety-akku-chek-accu-chek-softkliks-25
Ланцеты Акку-Чек (Accu-Chek) Софткликс № 25 в Астане,"Аптека ""DA.Pharm"" (ДА.Фарм)",650 тг.,2023-05-14,https://i-teka.kz/astana/medicaments/lancety-akku-chek-accu-chek-softkliks-25
Ланцеты Акку-Чек (Accu-Chek) Софткликс № 25 в Астане,"Аптека ""MEDSTANDARD"" (МЕДСТАНДАРТ)",670 тг.,2023-05-14,https://i-teka.kz/astana/medicaments/lancety-akku-chek-accu-chek-softkliks-25
Ланцеты Акку-Чек (Accu-Chek) Софткликс № 25 в Астане,Дежурная аптека,690 тг.,2023-05-14,https://i-teka.kz/astana/medicaments/lancety-akku-chek-accu-chek-softkliks-25
Ланцеты Акку-Чек (Accu-Chek) Софткликс № 25 в Астане,"Аптека ""ДинаФарм""",1 150 тг.,2023-05-14,https://i-teka.kz/astana/medicaments/lancety-akku-chek-accu-chek-softkliks-25
Ланцеты Акку-Чек (Accu-Chek) Софткликс № 25 в Астане,"Аптека ""Farm N1""",1 710 тг.,2023-05-14,https://i-teka.kz/astana/medicaments/lancety-akku-chek-accu-chek-softkliks-25
Ланцеты Акку-Чек (Accu-Chek) Софткликс № 25 в Астане,Аптека Alifarm (Алифарм),770 тг.,2023-05-14,https://i-teka.kz/astana/medicaments/lancety-akku-chek-accu-chek-softkliks-25
Ланцеты Акку-Чек (Accu-Chek) Софткликс № 25 в Астане,"Аптека ""ID Pharmacy"" (АйДи Фармаси)",650 тг.,2023-05-14,https://i-teka.kz/astana/medicaments/lancety-akku-chek-accu-chek-softkliks-25
Ланцеты Акку-Чек (Accu-Chek) Софткликс № 25 в Астане,аптека UMMA,630 тг.,2023-05-14,https://i-teka.kz/astana/medicaments/lancety-akku-chek-accu-chek-softkliks-25
Ланцеты Акку-Чек (Accu-Chek) Софткликс № 25 в Астане,"Аптека ""Здоровье""",630 тг.,2023-05-14,https://i-teka.kz/astana/medicaments/lancety-akku-chek-accu-chek-softkliks-25
Ланцеты Акку-Чек (Accu-Chek) Софткликс № 25 в Астане,Доктор Плюс,930 тг.,2023-05-14,https://i-teka.kz/astana/medicaments/lancety-akku-chek-accu-chek-softkliks-25
Ланцеты Акку-Чек (Accu-Chek) Софткликс № 25 в Астане,"Аптека ""Aziamed"" (Азиямед)",950 тг.,2023-05-14,https://i-teka.kz/astana/medicaments/lancety-akku-chek-accu-chek-softkliks-25
Ланцеты Акку-Чек (Accu-Chek) Софткликс № 25 в Астане,"Аптека ""Старый Лекарь""",1 150 тг.,2023-05-14,https://i-teka.kz/astana/medicaments/lancety-akku-chek-accu-chek-softkliks-25
Ланцеты Акку-Чек (Accu-Chek) Софткликс № 25 в Астане,Аптека низких цен,600 тг.,2023-05-14,https://i-teka.kz/astana/medicaments/lancety-akku-chek-accu-chek-softkliks-25
Ланцеты Акку-Чек (Accu-Chek) Софткликс № 25 в Астане,Аптека ТМИН TMIN,700 тг.,2023-05-14,https://i-teka.kz/astana/medicaments/lancety-akku-chek-accu-chek-softkliks-25
Ланцеты Акку-Чек (Accu-Chek) Софткликс № 25 в Астане,Аптека низких цен,900 тг.,2023-05-14,https://i-teka.kz/astana/medicaments/lancety-akku-chek-accu-chek-softkliks-25
Ланцеты Акку-Чек (Accu-Chek) Софткликс № 25 в Астане,Аптека низких цен,590 тг.,2023-05-14,https://i-teka.kz/astana/medicaments/lancety-akku-chek-accu-chek-softkliks-25
Тест-полоски к глюкометру Контур Плюс (Contour Plus) № 25 в Астане,"Аптека ""Salamat"" (Саламат)",3 800 тг.,2023-05-14,https://i-teka.kz/astana/medicaments/test-poloski-k-glyukometru-kontur-plyus-contour-plus-25
Тест-полоски к глюкометру Контур Плюс (Contour Plus) № 25 в Астане,"Аптека ""Aziza Pharm"" (Азиза фарм)",3 500 тг.,2023-05-14,https://i-teka.kz/astana/medicaments/test-poloski-k-glyukometru-kontur-plyus-contour-plus-25
Тест-полоски к глюкометру Контур Плюс (Contour Plus) № 25 в Астане,"Аптека ""Sante-Астана"" (Санте)",4 100 тг.,2023-05-14,https://i-teka.kz/astana/medicaments/test-poloski-k-glyukometru-kontur-plyus-contour-plus-25
Тест-полоски к глюкометру Контур Плюс (Contour Plus) № 25 в Астане,"Аптека ""Salamat"" (Саламат)",4 680 тг.,2023-05-14,https://i-teka.kz/astana/medicaments/test-poloski-k-glyukometru-kontur-plyus-contour-plus-25
Тест-полоски к глюкометру Контур Плюс (Contour Plus) № 25 в Астане,"Аптека ""Максима-фарм""",3 940 тг.,2023-05-14,https://i-teka.kz/astana/medicaments/test-poloski-k-glyukometru-kontur-plyus-contour-plus-25
Тест-полоски к глюкометру Контур Плюс (Contour Plus) № 25 в Астане,"Аптека ""Максима-фарм""",3 880 тг.,2023-05-14,https://i-teka.kz/astana/medicaments/test-poloski-k-glyukometru-kontur-plyus-contour-plus-25
Тест-полоски к глюкометру Контур Плюс (Contour Plus) № 25 в Астане,"Аптека ""Максима-фарм""",3 940 тг.,2023-05-14,https://i-teka.kz/astana/medicaments/test-poloski-k-glyukometru-kontur-plyus-contour-plus-25
Тест-полоски к глюкометру Контур Плюс (Contour Plus) № 25 в Астане,"Аптека ""Salamat"" (Саламат)",4 990 тг.,2023-05-14,https://i-teka.kz/astana/medicaments/test-poloski-k-glyukometru-kontur-plyus-contour-plus-25
Тест-полоски к глюкометру Контур Плюс (Contour Plus) № 25 в Астане,"Аптека ""Диабетика""",4 950 тг.,2023-05-14,https://i-teka.kz/astana/medicaments/test-poloski-k-glyukometru-kontur-plyus-contour-plus-25
Тест-полоски к глюкометру Акку-Чек (Accu-Chek) Перформа № 50 в Астане,"Аптека ""Гиппократ""",6 980 тг.,2023-05-14,https://i-teka.kz/astana/medicaments/test-poloski-k-glyukometru-akku-chek-accu-chek-performa-50
Тест-полоски к глюкометру Акку-Чек (Accu-Chek) Перформа № 50 в Астане,"Аптека ""Salamat"" (Саламат)",6 900 тг.,2023-05-14,https://i-teka.kz/astana/medicaments/test-poloski-k-glyukometru-akku-chek-accu-chek-performa-50
Тест-полоски к глюкометру Акку-Чек (Accu-Chek) Перформа № 50 в Астане,Аптечная сеть ФЕНИКС,7 410 тг.,2023-05-14,https://i-teka.kz/astana/medicaments/test-poloski-k-glyukometru-akku-chek-accu-chek-performa-50
Тест-полоски к глюкометру Акку-Чек (Accu-Chek) Перформа № 50 в Астане,Аптечная сеть ФЕНИКС,7 745 тг.,2023-05-14,https://i-teka.kz/astana/medicaments/test-poloski-k-glyukometru-akku-chek-accu-chek-performa-50
Тест-полоски к глюкометру Акку-Чек (Accu-Chek) Перформа № 50 в Астане,Аптечная сеть ФЕНИКС,7 745 тг.,2023-05-14,https://i-teka.kz/astana/medicaments/test-poloski-k-glyukometru-akku-chek-accu-chek-performa-50
Тест-полоски к глюкометру Акку-Чек (Accu-Chek) Перформа № 50 в Астане,Аптечная сеть Феникс,7 410 тг.,2023-05-14,https://i-teka.kz/astana/medicaments/test-poloski-k-glyukometru-akku-chek-accu-chek-performa-50
Тест-полоски к глюкометру Акку-Чек (Accu-Chek) Перформа № 50 в Астане,"Аптека ""BIO Plus"" (БИО Плюс)",7 350 тг.,2023-05-14,https://i-teka.kz/astana/medicaments/test-poloski-k-glyukometru-akku-chek-accu-chek-performa-50
Тест-полоски к глюкометру Акку-Чек (Accu-Chek) Перформа № 50 в Астане,"Аптека ""Aziamed"" (Азиямед)",9 900 тг.,2023-05-14,https://i-teka.kz/astana/medicaments/test-poloski-k-glyukometru-akku-chek-accu-chek-performa-50
Тест-полоски к глюкометру Акку-Чек (Accu-Chek) Перформа № 50 в Астане,"Аптека ""МедСервис Плюс""",6 795 тг.,2023-05-14,https://i-teka.kz/astana/medicaments/test-poloski-k-glyukometru-akku-chek-accu-chek-performa-50
Тест-полоски к глюкометру Акку-Чек (Accu-Chek) Перформа № 50 в Астане,"Аптека ""Доктор Плюс""",10 200 тг.,2023-05-14,https://i-teka.kz/astana/medicaments/test-poloski-k-glyukometru-akku-chek-accu-chek-performa-50
Тест-полоски к глюкометру Акку-Чек (Accu-Chek) Перформа № 50 в Астане,"Аптека ""Доктор Плюс""",10 200 тг.,2023-05-14,https://i-teka.kz/astana/medicaments/test-poloski-k-glyukometru-akku-chek-accu-chek-performa-50
Тест-полоски к глюкометру Акку-Чек (Accu-Chek) Перформа № 50 в Астане,Аптека Столицы,12 000 тг.,2023-05-14,https://i-teka.kz/astana/medicaments/test-poloski-k-glyukometru-akku-chek-accu-chek-performa-50
Тест-полоски к глюкометру Акку-Чек (Accu-Chek) Перформа № 50 в Астане,"Аптека ИП ""Мермидия""",7 220 тг.,2023-05-14,https://i-teka.kz/astana/medicaments/test-poloski-k-glyukometru-akku-chek-accu-chek-performa-50
Тест-полоски к глюкометру Акку-Чек (Accu-Chek) Перформа № 50 в Астане,"Аптека ""Жить здорОво""",7 020 тг.,2023-05-14,https://i-teka.kz/astana/medicaments/test-poloski-k-glyukometru-akku-chek-accu-chek-performa-50
Тест-полоски к глюкометру Акку-Чек (Accu-Chek) Перформа № 50 в Астане,"Аптека ""Farm N1""",7 800 тг.,2023-05-14,https://i-teka.kz/astana/medicaments/test-poloski-k-glyukometru-akku-chek-accu-chek-performa-50
Тест-полоски к глюкометру Акку-Чек (Accu-Chek) Перформа № 50 в Астане,"Аптека ""Иммуно +""",7 800 тг.,2023-05-14,https://i-teka.kz/astana/medicaments/test-poloski-k-glyukometru-akku-chek-accu-chek-performa-50
Тест-полоски к глюкометру Акку-Чек (Accu-Chek) Перформа № 50 в Астане,Аптека Alifarm (Алифарм),7 990 тг.,2023-05-14,https://i-teka.kz/astana/medicaments/test-poloski-k-glyukometru-akku-chek-accu-chek-performa-50
Тест-полоски к глюкометру Акку-Чек (Accu-Chek) Перформа № 50 в Астане,Аптека 77,7 620 тг.,2023-05-14,https://i-teka.kz/astana/medicaments/test-poloski-k-glyukometru-akku-chek-accu-chek-performa-50
Тест-полоски к глюкометру Акку-Чек (Accu-Chek) Перформа № 50 в Астане,Аптека,6 900 тг.,2023-05-14,https://i-teka.kz/astana/medicaments/test-poloski-k-glyukometru-akku-chek-accu-chek-performa-50
Тест-полоски к глюкометру Акку-Чек (Accu-Chek) Перформа № 50 в Астане,Басит-Фарм,8 500 тг.,2023-05-14,https://i-teka.kz/astana/medicaments/test-poloski-k-glyukometru-akku-chek-accu-chek-performa-50
Тест-полоски к глюкометру Акку-Чек (Accu-Chek) Перформа № 50 в Астане,"Аптека ""Здоровье""",6 680 тг.,2023-05-14,https://i-teka.kz/astana/medicaments/test-poloski-k-glyukometru-akku-chek-accu-chek-performa-50
Тест-полоски к глюкометру Акку-Чек (Accu-Chek) Перформа № 50 в Астане,"Аптека ""iNFARM"" (Инфарм)",11 649 тг.,2023-05-14,https://i-teka.kz/astana/medicaments/test-poloski-k-glyukometru-akku-chek-accu-chek-performa-50
Тест-полоски к глюкометру Акку-Чек (Accu-Chek) Перформа № 50 в Астане,Доктор Плюс,14 000 тг.,2023-05-14,https://i-teka.kz/astana/medicaments/test-poloski-k-glyukometru-akku-chek-accu-chek-performa-50
Тест-полоски к глюкометру Акку-Чек (Accu-Chek) Перформа № 50 в Астане,Аптека Эко,9 680 тг.,2023-05-14,https://i-teka.kz/astana/medicaments/test-poloski-k-glyukometru-akku-chek-accu-chek-performa-50
Тест-полоски к глюкометру Акку-Чек (Accu-Chek) Перформа № 50 в Астане,"Аптека ""Старый Лекарь""",8 300 тг.,2023-05-14,https://i-teka.kz/astana/medicaments/test-poloski-k-glyukometru-akku-chek-accu-chek-performa-50
Тест-полоски к глюкометру Акку-Чек (Accu-Chek) Перформа № 50 в Астане,"Аптека ""New Pharm"" (Нью фарм)",7 660 тг.,2023-05-14,https://i-teka.kz/astana/medicaments/test-poloski-k-glyukometru-akku-chek-accu-chek-performa-50
Тест-полоски к глюкометру Акку-Чек (Accu-Chek) Перформа № 50 в Астане,"Аптека ""iNFARM"" (Инфарм)",6 839 тг.,2023-05-14,https://i-teka.kz/astana/medicaments/test-poloski-k-glyukometru-akku-chek-accu-chek-performa-50
Тест-полоски к глюкометру Акку-Чек (Accu-Chek) Перформа № 50 в Астане,Аптека низких цен,9 270 тг.,2023-05-14,https://i-teka.kz/astana/medicaments/test-poloski-k-glyukometru-akku-chek-accu-chek-performa-50
Тест-полоски к глюкометру Акку-Чек (Accu-Chek) Перформа № 50 в Астане,Аптека низких цен,8 690 тг.,2023-05-14,https://i-teka.kz/astana/medicaments/test-poloski-k-glyukometru-akku-chek-accu-chek-performa-50
Тест-полоски к глюкометру Акку-Чек (Accu-Chek) Перформа № 50 в Астане,Аптека низких цен,6 680 тг.,2023-05-14,https://i-teka.kz/astana/medicaments/test-poloski-k-glyukometru-akku-chek-accu-chek-performa-50
Тест-полоски к глюкометру Акку-Чек (Accu-Chek) Перформа № 100 в Астане,"Аптека ""Шалфей""",13 270 тг.,2023-05-14,https://i-teka.kz/astana/medicaments/test-poloski-k-glyukometru-akku-chek-accu-chek-performa-100
Тест-полоски к глюкометру Акку-Чек (Accu-Chek) Перформа № 100 в Астане,Аптека ZERDE (Зерде),14 100 тг.,2023-05-14,https://i-teka.kz/astana/medicaments/test-poloski-k-glyukometru-akku-chek-accu-chek-performa-100
Тест-полоски к глюкометру Акку-Чек (Accu-Chek) Перформа № 100 в Астане,"Аптека ""Глюкоза""",14 000 тг.,2023-05-14,https://i-teka.kz/astana/medicaments/test-poloski-k-glyukometru-akku-chek-accu-chek-performa-100
Тест-полоски к глюкометру Акку-Чек (Accu-Chek) Перформа № 100 в Астане,"Аптека ""Salamat"" (Саламат)",11 950 тг.,2023-05-14,https://i-teka.kz/astana/medicaments/test-poloski-k-glyukometru-akku-chek-accu-chek-performa-100
Тест-полоски к глюкометру Акку-Чек (Accu-Chek) Перформа № 100 в Астане,"Аптека ""Salamat"" (Саламат)",12 800 тг.,2023-05-14,https://i-teka.kz/astana/medicaments/test-poloski-k-glyukometru-akku-chek-accu-chek-performa-100
Тест-полоски к глюкометру Акку-Чек (Accu-Chek) Актив № 100 в Астане,"Аптека ""Глюкоза""",13 000 тг.,2023-05-14,https://i-teka.kz/astana/medicaments/test-poloski-k-glyukometru-akku-chek-accu-chek-aktiv-100
Тест-полоски к глюкометру Акку-Чек (Accu-Chek) Актив № 100 в Астане,"Аптека ""Ерке Фарм""",11 500 тг.,2023-05-14,https://i-teka.kz/astana/medicaments/test-poloski-k-glyukometru-akku-chek-accu-chek-aktiv-100
Тест-полоски к глюкометру Акку-Чек (Accu-Chek) Актив № 100 в Астане,"Аптека ""Salamat"" (Саламат)",11 000 тг.,2023-05-14,https://i-teka.kz/astana/medicaments/test-poloski-k-glyukometru-akku-chek-accu-chek-aktiv-100
Тест-полоски к глюкометру Infopia Element (Элемент) № 50 в Астане,"Аптека ""Диабетика""",5 000 тг.,2023-05-14,https://i-teka.kz/astana/medicaments/test-poloski-k-glyukometru-infopia-element-element-50
Тест-полоски к глюкометру Акку-Чек (Accu-Chek) Актив № 50 в Астане,"Аптека ""Гиппократ""",6 100 тг.,2023-05-14,https://i-teka.kz/astana/medicaments/test-poloski-k-glyukometru-akku-chek-accu-chek-aktiv-50
Тест-полоски к глюкометру Акку-Чек (Accu-Chek) Актив № 50 в Астане,"Аптека ""Salamat"" (Саламат)",6 000 тг.,2023-05-14,https://i-teka.kz/astana/medicaments/test-poloski-k-glyukometru-akku-chek-accu-chek-aktiv-50
Тест-полоски к глюкометру Акку-Чек (Accu-Chek) Актив № 50 в Астане,Аптечная сеть ФЕНИКС,5 900 тг.,2023-05-14,https://i-teka.kz/astana/medicaments/test-poloski-k-glyukometru-akku-chek-accu-chek-aktiv-50
Тест-полоски к глюкометру Акку-Чек (Accu-Chek) Актив № 50 в Астане,Аптечная сеть ФЕНИКС,6 950 тг.,2023-05-14,https://i-teka.kz/astana/medicaments/test-poloski-k-glyukometru-akku-chek-accu-chek-aktiv-50
Тест-полоски к глюкометру Акку-Чек (Accu-Chek) Актив № 50 в Астане,Аптечная сеть ФЕНИКС,6 950 тг.,2023-05-14,https://i-teka.kz/astana/medicaments/test-poloski-k-glyukometru-akku-chek-accu-chek-aktiv-50
Тест-полоски к глюкометру Акку-Чек (Accu-Chek) Актив № 50 в Астане,Аптечная сеть Феникс,6 220 тг.,2023-05-14,https://i-teka.kz/astana/medicaments/test-poloski-k-glyukometru-akku-chek-accu-chek-aktiv-50
Тест-полоски к глюкометру Акку-Чек (Accu-Chek) Актив № 50 в Астане,Аптечная сеть ФЕНИКС,5 900 тг.,2023-05-14,https://i-teka.kz/astana/medicaments/test-poloski-k-glyukometru-akku-chek-accu-chek-aktiv-50
Тест-полоски к глюкометру Акку-Чек (Accu-Chek) Актив № 50 в Астане,Аптечная сеть ФЕНИКС,6 250 тг.,2023-05-14,https://i-teka.kz/astana/medicaments/test-poloski-k-glyukometru-akku-chek-accu-chek-aktiv-50
Тест-полоски к глюкометру Акку-Чек (Accu-Chek) Актив № 50 в Астане,"Аптека ""BIO Plus"" (БИО Плюс)",6 000 тг.,2023-05-14,https://i-teka.kz/astana/medicaments/test-poloski-k-glyukometru-akku-chek-accu-chek-aktiv-50
Тест-полоски к глюкометру Акку-Чек (Accu-Chek) Актив № 50 в Астане,"Аптека ""Aziamed"" (Азиямед)",8 910 тг.,2023-05-14,https://i-teka.kz/astana/medicaments/test-poloski-k-glyukometru-akku-chek-accu-chek-aktiv-50
Тест-полоски к глюкометру Акку-Чек (Accu-Chek) Актив № 50 в Астане,ЭКО АПТЕКА,6 910 тг.,2023-05-14,https://i-teka.kz/astana/medicaments/test-poloski-k-glyukometru-akku-chek-accu-chek-aktiv-50
Тест-полоски к глюкометру Акку-Чек (Accu-Chek) Актив № 50 в Астане,"Аптека ""Доктор Плюс""",7 350 тг.,2023-05-14,https://i-teka.kz/astana/medicaments/test-poloski-k-glyukometru-akku-chek-accu-chek-aktiv-50
Тест-полоски к глюкометру Акку-Чек (Accu-Chek) Актив № 50 в Астане,Аптека 911,8 360 тг.,2023-05-14,https://i-teka.kz/astana/medicaments/test-poloski-k-glyukometru-akku-chek-accu-chek-aktiv-50
Тест-полоски к глюкометру Акку-Чек (Accu-Chek) Актив № 50 в Астане,Аптека 24/7,8 940 тг.,2023-05-14,https://i-teka.kz/astana/medicaments/test-poloski-k-glyukometru-akku-chek-accu-chek-aktiv-50
Тест-полоски к глюкометру Акку-Чек (Accu-Chek) Актив № 50 в Астане,"Аптека ""МедСервис Плюс""",6 055 тг.,2023-05-14,https://i-teka.kz/astana/medicaments/test-poloski-k-glyukometru-akku-chek-accu-chek-aktiv-50
Тест-полоски к глюкометру Акку-Чек (Accu-Chek) Актив № 50 в Астане,Дәріхана,8 200 тг.,2023-05-14,https://i-teka.kz/astana/medicaments/test-poloski-k-glyukometru-akku-chek-accu-chek-aktiv-50
Тест-полоски к глюкометру Акку-Чек (Accu-Chek) Актив № 50 в Астане,"Аптека ""Доктор Плюс""",11 000 тг.,2023-05-14,https://i-teka.kz/astana/medicaments/test-poloski-k-glyukometru-akku-chek-accu-chek-aktiv-50
Тест-полоски к глюкометру Акку-Чек (Accu-Chek) Актив № 50 в Астане,"Аптека ""Доктор Плюс""",11 000 тг.,2023-05-14,https://i-teka.kz/astana/medicaments/test-poloski-k-glyukometru-akku-chek-accu-chek-aktiv-50
Тест-полоски к глюкометру Акку-Чек (Accu-Chek) Актив № 50 в Астане,"Аптека ""Доктор Плюс""",11 500 тг.,2023-05-14,https://i-teka.kz/astana/medicaments/test-poloski-k-glyukometru-akku-chek-accu-chek-aktiv-50
Тест-полоски к глюкометру Акку-Чек (Accu-Chek) Актив № 50 в Астане,"Аптека ""ARNA - 3"" (Арна-3)",6 200 тг.,2023-05-14,https://i-teka.kz/astana/medicaments/test-poloski-k-glyukometru-akku-chek-accu-chek-aktiv-50
Тест-полоски к глюкометру Акку-Чек (Accu-Chek) Актив № 50 в Астане,"Аптека ""Иммуно +""",6 000 тг.,2023-05-14,https://i-teka.kz/astana/medicaments/test-poloski-k-glyukometru-akku-chek-accu-chek-aktiv-50
Тест-полоски к глюкометру Акку-Чек (Accu-Chek) Актив № 50 в Астане,Аптека Столицы,6 250 тг.,2023-05-14,https://i-teka.kz/astana/medicaments/test-poloski-k-glyukometru-akku-chek-accu-chek-aktiv-50
Тест-полоски к глюкометру Акку-Чек (Accu-Chek) Актив № 50 в Астане,"Аптека ""MEDSTANDARD"" (МЕДСТАНДАРТ)",6 240 тг.,2023-05-14,https://i-teka.kz/astana/medicaments/test-poloski-k-glyukometru-akku-chek-accu-chek-aktiv-50
Тест-полоски к глюкометру Акку-Чек (Accu-Chek) Актив № 50 в Астане,Аптека 24 часа,6 210 тг.,2023-05-14,https://i-teka.kz/astana/medicaments/test-poloski-k-glyukometru-akku-chek-accu-chek-aktiv-50
Тест-полоски к глюкометру Акку-Чек (Accu-Chek) Актив № 50 в Астане,"Аптека ""ARNA - 1"" (Арна-1)",6 200 тг.,2023-05-14,https://i-teka.kz/astana/medicaments/test-poloski-k-glyukometru-akku-chek-accu-chek-aktiv-50
Тест-полоски к глюкометру Акку-Чек (Accu-Chek) Актив № 50 в Астане,"Аптека ИП ""Мермидия""",7 040 тг.,2023-05-14,https://i-teka.kz/astana/medicaments/test-poloski-k-glyukometru-akku-chek-accu-chek-aktiv-50
Тест-полоски к глюкометру Акку-Чек (Accu-Chek) Актив № 50 в Астане,"Аптека ""Жить здорОво""",6 260 тг.,2023-05-14,https://i-teka.kz/astana/medicaments/test-poloski-k-glyukometru-akku-chek-accu-chek-aktiv-50
Тест-полоски к глюкометру Акку-Чек (Accu-Chek) Актив № 50 в Астане,"Аптека ""Farm N1""",11 920 тг.,2023-05-14,https://i-teka.kz/astana/medicaments/test-poloski-k-glyukometru-akku-chek-accu-chek-aktiv-50
Тест-полоски к глюкометру Акку-Чек (Accu-Chek) Актив № 50 в Астане,"Аптека ""Иммуно +""",6 000 тг.,2023-05-14,https://i-teka.kz/astana/medicaments/test-poloski-k-glyukometru-akku-chek-accu-chek-aktiv-50
Тест-полоски к глюкометру Акку-Чек (Accu-Chek) Актив № 50 в Астане,Аптека,6 190 тг.,2023-05-14,https://i-teka.kz/astana/medicaments/test-poloski-k-glyukometru-akku-chek-accu-chek-aktiv-50
Тест-полоски к глюкометру IME-DC № 50 в Астане,"Аптека ""Organic pharmacy"" (Органик фармаси)",7 600 тг.,2023-05-14,https://i-teka.kz/astana/medicaments/test-poloski-k-glyukometru-ime-dc-50
Тест-полоски к глюкометру IME-DC № 50 в Астане,Аптека Tengripharm (Тэнгрифарм),6 540 тг.,2023-05-14,https://i-teka.kz/astana/medicaments/test-poloski-k-glyukometru-ime-dc-50
Тест-полоски к глюкометру IME-DC № 50 в Астане,"Аптека ""Диабетика""",5 800 тг.,2023-05-14,https://i-teka.kz/astana/medicaments/test-poloski-k-glyukometru-ime-dc-50
Тест-полоски к глюкометру Тру Резалт (True Result) № 50 в Астане,"Аптека ""Диабетика""",7 500 тг.,2023-05-14,https://i-teka.kz/astana/medicaments/test-poloski-k-glyukometru-tru-rezalt-true-result-50
Тест-полоски к глюкометру Сателлит Экспресс № 50 в Астане,"Аптека ""Гиппократ""",6 350 тг.,2023-05-14,https://i-teka.kz/astana/medicaments/test-poloski-k-glyukometru-satellit-ekspress-50
Тест-полоски к глюкометру Сателлит Экспресс № 50 в Астане,"Аптека ""Salamat"" (Саламат)",6 400 тг.,2023-05-14,https://i-teka.kz/astana/medicaments/test-poloski-k-glyukometru-satellit-ekspress-50
Тест-полоски к глюкометру Сателлит Экспресс № 50 в Астане,Аптечная сеть ФЕНИКС,5 900 тг.,2023-05-14,https://i-teka.kz/astana/medicaments/test-poloski-k-glyukometru-satellit-ekspress-50
Тест-полоски к глюкометру Сателлит Экспресс № 50 в Астане,Аптечная сеть ФЕНИКС,5 890 тг.,2023-05-14,https://i-teka.kz/astana/medicaments/test-poloski-k-glyukometru-satellit-ekspress-50
Тест-полоски к глюкометру Сателлит Экспресс № 50 в Астане,"Аптека ""BIO Plus"" (БИО Плюс)",6 240 тг.,2023-05-14,https://i-teka.kz/astana/medicaments/test-poloski-k-glyukometru-satellit-ekspress-50
Тест-полоски к глюкометру Сателлит Экспресс № 50 в Астане,Дәріхана,5 980 тг.,2023-05-14,https://i-teka.kz/astana/medicaments/test-poloski-k-glyukometru-satellit-ekspress-50
Тест-полоски к глюкометру Сателлит Экспресс № 50 в Астане,"Аптека ""Иммуно +""",6 100 тг.,2023-05-14,https://i-teka.kz/astana/medicaments/test-poloski-k-glyukometru-satellit-ekspress-50
Тест-полоски к глюкометру Сателлит Экспресс № 50 в Астане,"Аптека ""Organic pharmacy"" (Органик фармаси)",6 300 тг.,2023-05-14,https://i-teka.kz/astana/medicaments/test-poloski-k-glyukometru-satellit-ekspress-50
Тест-полоски к глюкометру Сателлит Экспресс № 50 в Астане,Аптека Столицы,5 760 тг.,2023-05-14,https://i-teka.kz/astana/medicaments/test-poloski-k-glyukometru-satellit-ekspress-50
Тест-полоски к глюкометру Сателлит Экспресс № 50 в Астане,"Аптека ""DA.Pharm"" (ДА.Фарм)",6 570 тг.,2023-05-14,https://i-teka.kz/astana/medicaments/test-poloski-k-glyukometru-satellit-ekspress-50
Тест-полоски к глюкометру Сателлит Экспресс № 50 в Астане,"Аптека ""Farm N1""",6 830 тг.,2023-05-14,https://i-teka.kz/astana/medicaments/test-poloski-k-glyukometru-satellit-ekspress-50
Тест-полоски к глюкометру Сателлит Экспресс № 50 в Астане,"Аптека ""Иммуно +""",6 100 тг.,2023-05-14,https://i-teka.kz/astana/medicaments/test-poloski-k-glyukometru-satellit-ekspress-50
Тест-полоски к глюкометру Сателлит Экспресс № 50 в Астане,Аптека JS PHARMA (ДжейЭс Фарма),6 570 тг.,2023-05-14,https://i-teka.kz/astana/medicaments/test-poloski-k-glyukometru-satellit-ekspress-50
Тест-полоски к глюкометру Сателлит Экспресс № 50 в Астане,"Аптека ""ARNA - 5"" (Арна-5)",5 900 тг.,2023-05-14,https://i-teka.kz/astana/medicaments/test-poloski-k-glyukometru-satellit-ekspress-50
Тест-полоски к глюкометру Сателлит Экспресс № 50 в Астане,"Аптека ""Здоровье""",5 660 тг.,2023-05-14,https://i-teka.kz/astana/medicaments/test-poloski-k-glyukometru-satellit-ekspress-50
Тест-полоски к глюкометру Сателлит Экспресс № 50 в Астане,Доктор Плюс,6 400 тг.,2023-05-14,https://i-teka.kz/astana/medicaments/test-poloski-k-glyukometru-satellit-ekspress-50
Тест-полоски к глюкометру Сателлит Экспресс № 50 в Астане,"Аптека ""ALIPHARM"" (АЛИФАРМ)",6 565 тг.,2023-05-14,https://i-teka.kz/astana/medicaments/test-poloski-k-glyukometru-satellit-ekspress-50
Тест-полоски к глюкометру Сателлит Экспресс № 50 в Астане,Аптека Landysh (Ландыш),6 450 тг.,2023-05-14,https://i-teka.kz/astana/medicaments/test-poloski-k-glyukometru-satellit-ekspress-50
Тест-полоски к глюкометру Сателлит Экспресс № 50 в Астане,"Аптека ""ФАРМАКОМ""",6 750 тг.,2023-05-14,https://i-teka.kz/astana/medicaments/test-poloski-k-glyukometru-satellit-ekspress-50
Тест-полоски к глюкометру Сателлит Экспресс № 50 в Астане,"Аптека ""Шалфей""",6 145 тг.,2023-05-14,https://i-teka.kz/astana/medicaments/test-poloski-k-glyukometru-satellit-ekspress-50
Тест-полоски к глюкометру Сателлит Экспресс № 50 в Астане,"Аптека ""Ландыш""",6 450 тг.,2023-05-14,https://i-teka.kz/astana/medicaments/test-poloski-k-glyukometru-satellit-ekspress-50
Тест-полоски к глюкометру Сателлит Экспресс № 50 в Астане,Аптека “GG Pharmacy”,9 350 тг.,2023-05-14,https://i-teka.kz/astana/medicaments/test-poloski-k-glyukometru-satellit-ekspress-50
Тест-полоски к глюкометру Сателлит Экспресс № 50 в Астане,"Аптека ""Малина""",6 830 тг.,2023-05-14,https://i-teka.kz/astana/medicaments/test-poloski-k-glyukometru-satellit-ekspress-50
Тест-полоски к глюкометру Сателлит Экспресс № 50 в Астане,DIAMOND PHARMACY 1,6 460 тг.,2023-05-14,https://i-teka.kz/astana/medicaments/test-poloski-k-glyukometru-satellit-ekspress-50
Тест-полоски к глюкометру Сателлит Экспресс № 50 в Астане,Аптека “GG Pharmacy”,6 830 тг.,2023-05-14,https://i-teka.kz/astana/medicaments/test-poloski-k-glyukometru-satellit-ekspress-50
Тест-полоски к глюкометру Сателлит Экспресс № 50 в Астане,"Аптека ""ALIPHARM"" (АЛИФАРМ)",6 565 тг.,2023-05-14,https://i-teka.kz/astana/medicaments/test-poloski-k-glyukometru-satellit-ekspress-50
Тест-полоски к глюкометру Сателлит Экспресс № 50 в Астане,"Аптека ""Da.Signa""",6 400 тг.,2023-05-14,https://i-teka.kz/astana/medicaments/test-poloski-k-glyukometru-satellit-ekspress-50
Тест-полоски к глюкометру Сателлит Экспресс № 50 в Астане,"Аптека ""Salamat"" (Саламат)",6 100 тг.,2023-05-14,https://i-teka.kz/astana/medicaments/test-poloski-k-glyukometru-satellit-ekspress-50
Тест-полоски к глюкометру Сателлит Экспресс № 50 в Астане,"Аптека ""Ерке Фарм""",6 400 тг.,2023-05-14,https://i-teka.kz/astana/medicaments/test-poloski-k-glyukometru-satellit-ekspress-50
Тест-полоски к глюкометру Сателлит Экспресс № 50 в Астане,"Аптека ""Витамин""",6 100 тг.,2023-05-14,https://i-teka.kz/astana/medicaments/test-poloski-k-glyukometru-satellit-ekspress-50
"Тест-полоски к глюкометру Bionime Rightest GM-300, GM-110 № 50 в Астане","Аптека ""Гиппократ""",6 850 тг.,2023-05-14,https://i-teka.kz/astana/medicaments/test-poloski-k-glyukometru-bionime-rightest-gm-300-gm-110-50
"Тест-полоски к глюкометру Bionime Rightest GM-300, GM-110 № 50 в Астане","Аптека ""АзияМед""",7 590 тг.,2023-05-14,https://i-teka.kz/astana/medicaments/test-poloski-k-glyukometru-bionime-rightest-gm-300-gm-110-50
"Тест-полоски к глюкометру Bionime Rightest GM-300, GM-110 № 50 в Астане",Аптека Oculus (Окулус),6 860 тг.,2023-05-14,https://i-teka.kz/astana/medicaments/test-poloski-k-glyukometru-bionime-rightest-gm-300-gm-110-50
"Тест-полоски к глюкометру Bionime Rightest GM-300, GM-110 № 50 в Астане","Аптека ""ФАРМАКОМ""",5 750 тг.,2023-05-14,https://i-teka.kz/astana/medicaments/test-poloski-k-glyukometru-bionime-rightest-gm-300-gm-110-50
"Тест-полоски к глюкометру Bionime Rightest GM-300, GM-110 № 50 в Астане",АВИЦЕННА АПТЕКА 2,8 100 тг.,2023-05-14,https://i-teka.kz/astana/medicaments/test-poloski-k-glyukometru-bionime-rightest-gm-300-gm-110-50
"Тест-полоски к глюкометру Bionime Rightest GM-300, GM-110 № 50 в Астане","Аптека ""Ерке фарм""",6 800 тг.,2023-05-14,https://i-teka.kz/astana/medicaments/test-poloski-k-glyukometru-bionime-rightest-gm-300-gm-110-50
"Тест-полоски к глюкометру Bionime Rightest GM-300, GM-110 № 50 в Астане","Аптека ""Максима-фарм""",7 790 тг.,2023-05-14,https://i-teka.kz/astana/medicaments/test-poloski-k-glyukometru-bionime-rightest-gm-300-gm-110-50
"Тест-полоски к глюкометру Bionime Rightest GM-300, GM-110 № 50 в Астане","Аптека ""Аманат-Фарм""",6 500 тг.,2023-05-14,https://i-teka.kz/astana/medicaments/test-poloski-k-glyukometru-bionime-rightest-gm-300-gm-110-50
"Тест-полоски к глюкометру Bionime Rightest GM-300, GM-110 № 50 в Астане","Аптека ""Диабетика""",5 800 тг.,2023-05-14,https://i-teka.kz/astana/medicaments/test-poloski-k-glyukometru-bionime-rightest-gm-300-gm-110-50
"Тест-полоски к глюкометру Bionime Rightest GM-300, GM-110 № 50 в Астане",Аптека Фармакопейка,8 100 тг.,2023-05-14,https://i-teka.kz/astana/medicaments/test-poloski-k-glyukometru-bionime-rightest-gm-300-gm-110-50
Тест-полоски к глюкометру Тру Баланс (True Balance) № 50 в Астане,"Аптека ""Диабетика""",7 500 тг.,2023-05-14,https://i-teka.kz/astana/medicaments/test-poloski-k-glyukometru-tru-balans-true-balance-50
Тест-полоски к глюкометру Bionime Rightest GS-550 № 50 в Астане,"Аптека ""BIO Plus"" (БИО Плюс)",7 480 тг.,2023-05-14,https://i-teka.kz/astana/medicaments/test-poloski-k-glyukometru-bionime-rightest-gs-550-50
Тест-полоски к глюкометру Bionime Rightest GS-550 № 50 в Астане,ЭКО АПТЕКА,7 790 тг.,2023-05-14,https://i-teka.kz/astana/medicaments/test-poloski-k-glyukometru-bionime-rightest-gs-550-50
Тест-полоски к глюкометру Bionime Rightest GS-550 № 50 в Астане,"Аптека ""Доктор Плюс""",7 800 тг.,2023-05-14,https://i-teka.kz/astana/medicaments/test-poloski-k-glyukometru-bionime-rightest-gs-550-50
Тест-полоски к глюкометру Bionime Rightest GS-550 № 50 в Астане,Аптека Столицы,7 600 тг.,2023-05-14,https://i-teka.kz/astana/medicaments/test-poloski-k-glyukometru-bionime-rightest-gs-550-50
Тест-полоски к глюкометру Bionime Rightest GS-550 № 50 в Астане,"Аптека ""Жить здорОво""",7 610 тг.,2023-05-14,https://i-teka.kz/astana/medicaments/test-poloski-k-glyukometru-bionime-rightest-gs-550-50
Тест-полоски к глюкометру Bionime Rightest GS-550 № 50 в Астане,"Аптека ""Farm N1""",8 100 тг.,2023-05-14,https://i-teka.kz/astana/medicaments/test-poloski-k-glyukometru-bionime-rightest-gs-550-50
Тест-полоски к глюкометру Bionime Rightest GS-550 № 50 в Астане,"Аптека ""Джеми""",7 500 тг.,2023-05-14,https://i-teka.kz/astana/medicaments/test-poloski-k-glyukometru-bionime-rightest-gs-550-50
Тест-полоски к глюкометру Bionime Rightest GS-550 № 50 в Астане,"Аптека ""Иммуно +""",7 000 тг.,2023-05-14,https://i-teka.kz/astana/medicaments/test-poloski-k-glyukometru-bionime-rightest-gs-550-50
Тест-полоски к глюкометру Bionime Rightest GS-550 № 50 в Астане,Аптека «Life» (Лайф),7 500 тг.,2023-05-14,https://i-teka.kz/astana/medicaments/test-poloski-k-glyukometru-bionime-rightest-gs-550-50
Тест-полоски к глюкометру Bionime Rightest GS-550 № 50 в Астане,Аптека,6 950 тг.,2023-05-14,https://i-teka.kz/astana/medicaments/test-poloski-k-glyukometru-bionime-rightest-gs-550-50
Тест-полоски к глюкометру Bionime Rightest GS-550 № 50 в Астане,Аптека Sei Pharm (Сэй Фарм),7 900 тг.,2023-05-14,https://i-teka.kz/astana/medicaments/test-poloski-k-glyukometru-bionime-rightest-gs-550-50
Тест-полоски к глюкометру Bionime Rightest GS-550 № 50 в Астане,"Аптека ""Aziamed"" (Азиямед)",7 780 тг.,2023-05-14,https://i-teka.kz/astana/medicaments/test-poloski-k-glyukometru-bionime-rightest-gs-550-50
Тест-полоски к глюкометру Bionime Rightest GS-550 № 50 в Астане,Басит-Фарм,7 300 тг.,2023-05-14,https://i-teka.kz/astana/medicaments/test-poloski-k-glyukometru-bionime-rightest-gs-550-50
Тест-полоски к глюкометру Bionime Rightest GS-550 № 50 в Астане,"Аптека ""New Pharm"" (Нью фарм)",8 100 тг.,2023-05-14,https://i-teka.kz/astana/medicaments/test-poloski-k-glyukometru-bionime-rightest-gs-550-50
Тест-полоски к глюкометру Bionime Rightest GS-550 № 50 в Астане,Аптека низких цен,6 730 тг.,2023-05-14,https://i-teka.kz/astana/medicaments/test-poloski-k-glyukometru-bionime-rightest-gs-550-50
Тест-полоски к глюкометру Bionime Rightest GS-550 № 50 в Астане,"Аптека ""ФАРМАКОМ""",8 000 тг.,2023-05-14,https://i-teka.kz/astana/medicaments/test-poloski-k-glyukometru-bionime-rightest-gs-550-50
Тест-полоски к глюкометру Bionime Rightest GS-550 № 50 в Астане,"Аптека ""ФАРМАКОМ""",7 200 тг.,2023-05-14,https://i-teka.kz/astana/medicaments/test-poloski-k-glyukometru-bionime-rightest-gs-550-50
Тест-полоски к глюкометру Bionime Rightest GS-550 № 50 в Астане,"Аптека ""ФАРМАКОМ""",7 300 тг.,2023-05-14,https://i-teka.kz/astana/medicaments/test-poloski-k-glyukometru-bionime-rightest-gs-550-50
Тест-полоски к глюкометру Bionime Rightest GS-550 № 50 в Астане,"Аптека ""ФАРМАКОМ""",8 650 тг.,2023-05-14,https://i-teka.kz/astana/medicaments/test-poloski-k-glyukometru-bionime-rightest-gs-550-50
Тест-полоски к глюкометру Bionime Rightest GS-550 № 50 в Астане,Аптека низких цен,6 730 тг.,2023-05-14,https://i-teka.kz/astana/medicaments/test-poloski-k-glyukometru-bionime-rightest-gs-550-50
Тест-полоски к глюкометру Bionime Rightest GS-550 № 50 в Астане,"Аптека ""Aziza Pharm"" (Азиза фарм)",7 800 тг.,2023-05-14,https://i-teka.kz/astana/medicaments/test-poloski-k-glyukometru-bionime-rightest-gs-550-50
Тест-полоски к глюкометру Bionime Rightest GS-550 № 50 в Астане,Аптека низких цен,6 730 тг.,2023-05-14,https://i-teka.kz/astana/medicaments/test-poloski-k-glyukometru-bionime-rightest-gs-550-50
Тест-полоски к глюкометру Bionime Rightest GS-550 № 50 в Астане,"Аптека ""Ландыш""",7 040 тг.,2023-05-14,https://i-teka.kz/astana/medicaments/test-poloski-k-glyukometru-bionime-rightest-gs-550-50
Тест-полоски к глюкометру Bionime Rightest GS-550 № 50 в Астане,Аптека низких цен,6 730 тг.,2023-05-14,https://i-teka.kz/astana/medicaments/test-poloski-k-glyukometru-bionime-rightest-gs-550-50
Тест-полоски к глюкометру Bionime Rightest GS-550 № 50 в Астане,Аптека низких цен,6 730 тг.,2023-05-14,https://i-teka.kz/astana/medicaments/test-poloski-k-glyukometru-bionime-rightest-gs-550-50
Тест-полоски к глюкометру Bionime Rightest GS-550 № 50 в Астане,Аптека низких цен,6 730 тг.,2023-05-14,https://i-teka.kz/astana/medicaments/test-poloski-k-glyukometru-bionime-rightest-gs-550-50
Тест-полоски к глюкометру Bionime Rightest GS-550 № 50 в Астане,Аптека низких цен,6 730 тг.,2023-05-14,https://i-teka.kz/astana/medicaments/test-poloski-k-glyukometru-bionime-rightest-gs-550-50
Тест-полоски к глюкометру Bionime Rightest GS-550 № 50 в Астане,Аптека Tengripharm (Тэнгрифарм),6 665 тг.,2023-05-14,https://i-teka.kz/astana/medicaments/test-poloski-k-glyukometru-bionime-rightest-gs-550-50
Тест-полоски к глюкометру Bionime Rightest GS-550 № 50 в Астане,Аптека Tengripharm (Тэнгрифарм),6 665 тг.,2023-05-14,https://i-teka.kz/astana/medicaments/test-poloski-k-glyukometru-bionime-rightest-gs-550-50
Тест-полоски к глюкометру Bionime Rightest GS-550 № 50 в Астане,Аптека Tengripharm (Тэнгрифарм),6 665 тг.,2023-05-14,https://i-teka.kz/astana/medicaments/test-poloski-k-glyukometru-bionime-rightest-gs-550-50
Тест-полоски к глюкометру Сателлит Экспресс № 25 в Астане,"Аптека ""Salamat"" (Саламат)",3 700 тг.,2023-05-14,https://i-teka.kz/astana/medicaments/test-poloski-k-glyukometru-satellit-ekspress-25
Тест-полоски к глюкометру Сателлит Экспресс № 25 в Астане,Аптека Иммуно +,3 500 тг.,2023-05-14,https://i-teka.kz/astana/medicaments/test-poloski-k-glyukometru-satellit-ekspress-25
Тест-полоски к глюкометру Сателлит Экспресс № 25 в Астане,Аптечная сеть ФЕНИКС,3 355 тг.,2023-05-14,https://i-teka.kz/astana/medicaments/test-poloski-k-glyukometru-satellit-ekspress-25
Тест-полоски к глюкометру Сателлит Экспресс № 25 в Астане,"Аптека ""BIO Plus"" (БИО Плюс)",3 555 тг.,2023-05-14,https://i-teka.kz/astana/medicaments/test-poloski-k-glyukometru-satellit-ekspress-25
Тест-полоски к глюкометру Сателлит Экспресс № 25 в Астане,"Сеть Cоциальных Аптек ""Green Pharm"" (Грин Фарм)",3 890 тг.,2023-05-14,https://i-teka.kz/astana/medicaments/test-poloski-k-glyukometru-satellit-ekspress-25
Тест-полоски к глюкометру Сателлит Экспресс № 25 в Астане,"Аптека ""Иммуно +""",3 500 тг.,2023-05-14,https://i-teka.kz/astana/medicaments/test-poloski-k-glyukometru-satellit-ekspress-25
Тест-полоски к глюкометру Сателлит Экспресс № 25 в Астане,"Аптека ""Farm N1""",5 350 тг.,2023-05-14,https://i-teka.kz/astana/medicaments/test-poloski-k-glyukometru-satellit-ekspress-25
Тест-полоски к глюкометру Сателлит Экспресс № 25 в Астане,Аптека JS PHARMA (ДжейЭс Фарма),3 740 тг.,2023-05-14,https://i-teka.kz/astana/medicaments/test-poloski-k-glyukometru-satellit-ekspress-25
Тест-полоски к глюкометру Сателлит Экспресс № 25 в Астане,"Аптека ""Здоровье""",3 150 тг.,2023-05-14,https://i-teka.kz/astana/medicaments/test-poloski-k-glyukometru-satellit-ekspress-25
Тест-полоски к глюкометру Сателлит Экспресс № 25 в Астане,Аптека,4 145 тг.,2023-05-14,https://i-teka.kz/astana/medicaments/test-poloski-k-glyukometru-satellit-ekspress-25
Тест-полоски к глюкометру Сателлит Экспресс № 25 в Астане,"Аптека ""ALIPHARM"" (АЛИФАРМ)",4 950 тг.,2023-05-14,https://i-teka.kz/astana/medicaments/test-poloski-k-glyukometru-satellit-ekspress-25
Тест-полоски к глюкометру Сателлит Экспресс № 25 в Астане,Аптека низких цен,3 390 тг.,2023-05-14,https://i-teka.kz/astana/medicaments/test-poloski-k-glyukometru-satellit-ekspress-25
Тест-полоски к глюкометру Сателлит Экспресс № 25 в Астане,Аптека низких цен,3 390 тг.,2023-05-14,https://i-teka.kz/astana/medicaments/test-poloski-k-glyukometru-satellit-ekspress-25
Тест-полоски к глюкометру Сателлит Экспресс № 25 в Астане,Аптека низких цен,3 390 тг.,2023-05-14,https://i-teka.kz/astana/medicaments/test-poloski-k-glyukometru-satellit-ekspress-25
Тест-полоски к глюкометру Сателлит Экспресс № 25 в Астане,Pharmteka (Фармтека),3 500 тг.,2023-05-14,https://i-teka.kz/astana/medicaments/test-poloski-k-glyukometru-satellit-ekspress-25
Тест-полоски к глюкометру Сателлит Экспресс № 25 в Астане,Аптека “GG Pharmacy”,5 200 тг.,2023-05-14,https://i-teka.kz/astana/medicaments/test-poloski-k-glyukometru-satellit-ekspress-25
Тест-полоски к глюкометру Сателлит Экспресс № 25 в Астане,Аптека низких цен,3 420 тг.,2023-05-14,https://i-teka.kz/astana/medicaments/test-poloski-k-glyukometru-satellit-ekspress-25
Тест-полоски к глюкометру Сателлит Экспресс № 25 в Астане,"Аптека ""ALIPHARM"" (АЛИФАРМ)",3 740 тг.,2023-05-14,https://i-teka.kz/astana/medicaments/test-poloski-k-glyukometru-satellit-ekspress-25
Тест-полоски к глюкометру Сателлит Экспресс № 25 в Астане,"Аптека ""Da.Signa""",3 800 тг.,2023-05-14,https://i-teka.kz/astana/medicaments/test-poloski-k-glyukometru-satellit-ekspress-25
Тест-полоски к глюкометру Сателлит Экспресс № 25 в Астане,"Аптека ""Da.Signa""",3 800 тг.,2023-05-14,https://i-teka.kz/astana/medicaments/test-poloski-k-glyukometru-satellit-ekspress-25
Тест-полоски к глюкометру Сателлит Экспресс № 25 в Астане,"Аптека ""Salamat"" (Саламат)",3 500 тг.,2023-05-14,https://i-teka.kz/astana/medicaments/test-poloski-k-glyukometru-satellit-ekspress-25
Тест-полоски к глюкометру Сателлит Экспресс № 25 в Астане,"Аптека ""Витамин""",3 500 тг.,2023-05-14,https://i-teka.kz/astana/medicaments/test-poloski-k-glyukometru-satellit-ekspress-25
Тест-полоски к глюкометру Сателлит Экспресс № 25 в Астане,"Аптека ""Ерке Фарм""",3 780 тг.,2023-05-14,https://i-teka.kz/astana/medicaments/test-poloski-k-glyukometru-satellit-ekspress-25
Тест-полоски к глюкометру Сателлит Экспресс № 25 в Астане,"Аптека ""Salamat"" (Саламат)",3 440 тг.,2023-05-14,https://i-teka.kz/astana/medicaments/test-poloski-k-glyukometru-satellit-ekspress-25
Тест-полоски к глюкометру Сателлит Экспресс № 25 в Астане,"Аптека ""Salamat"" (Саламат)",3 500 тг.,2023-05-14,https://i-teka.kz/astana/medicaments/test-poloski-k-glyukometru-satellit-ekspress-25
Тест-полоски к глюкометру Сателлит Экспресс № 25 в Астане,"Аптека ""Salamat"" (Саламат)",3 750 тг.,2023-05-14,https://i-teka.kz/astana/medicaments/test-poloski-k-glyukometru-satellit-ekspress-25
Тест-полоски к глюкометру Сателлит Экспресс № 25 в Астане,Дәріхана-аптека,3 550 тг.,2023-05-14,https://i-teka.kz/astana/medicaments/test-poloski-k-glyukometru-satellit-ekspress-25
Тест-полоски к глюкометру Сателлит Экспресс № 25 в Астане,"Аптека ""А-фарм""",3 500 тг.,2023-05-14,https://i-teka.kz/astana/medicaments/test-poloski-k-glyukometru-satellit-ekspress-25
Тест-полоски к глюкометру Сателлит Экспресс № 25 в Астане,"Аптека ""А-Фарм""",3 500 тг.,2023-05-14,https://i-teka.kz/astana/medicaments/test-poloski-k-glyukometru-satellit-ekspress-25
Тест-полоски к глюкометру Сателлит Экспресс № 25 в Астане,"Аптека ""Salamat"" (Саламат)",3 500 тг.,2023-05-14,https://i-teka.kz/astana/medicaments/test-poloski-k-glyukometru-satellit-ekspress-25
Тест-полоски к глюкометру At Care № 50 в Астане,"Аптека ""Гиппократ""",3 350 тг.,2023-05-14,https://i-teka.kz/astana/medicaments/test-poloski-k-glyukometru-at-care-50
Тест-полоски к глюкометру At Care № 50 в Астане,"Аптека ""Salamat"" (Саламат)",3 100 тг.,2023-05-14,https://i-teka.kz/astana/medicaments/test-poloski-k-glyukometru-at-care-50
Тест-полоски к глюкометру At Care № 50 в Астане,Аптека Иммуно +,3 100 тг.,2023-05-14,https://i-teka.kz/astana/medicaments/test-poloski-k-glyukometru-at-care-50
Тест-полоски к глюкометру At Care № 50 в Астане,"Аптека ""BIO Plus"" (БИО Плюс)",3 000 тг.,2023-05-14,https://i-teka.kz/astana/medicaments/test-poloski-k-glyukometru-at-care-50
Тест-полоски к глюкометру At Care № 50 в Астане,"Аптека ""Aziamed"" (Азиямед)",3 100 тг.,2023-05-14,https://i-teka.kz/astana/medicaments/test-poloski-k-glyukometru-at-care-50
Тест-полоски к глюкометру At Care № 50 в Астане,ЭКО АПТЕКА,3 220 тг.,2023-05-14,https://i-teka.kz/astana/medicaments/test-poloski-k-glyukometru-at-care-50
Тест-полоски к глюкометру At Care № 50 в Астане,"Сеть Cоциальных Аптек ""Green Pharm"" (Грин Фарм)",3 680 тг.,2023-05-14,https://i-teka.kz/astana/medicaments/test-poloski-k-glyukometru-at-care-50
Тест-полоски к глюкометру At Care № 50 в Астане,СТ Плюс Фарм,3 500 тг.,2023-05-14,https://i-teka.kz/astana/medicaments/test-poloski-k-glyukometru-at-care-50
Тест-полоски к глюкометру At Care № 50 в Астане,"Аптека ""Иммунитет""",3 390 тг.,2023-05-14,https://i-teka.kz/astana/medicaments/test-poloski-k-glyukometru-at-care-50
Тест-полоски к глюкометру At Care № 50 в Астане,"Аптека ""МедСервис Плюс""",3 335 тг.,2023-05-14,https://i-teka.kz/astana/medicaments/test-poloski-k-glyukometru-at-care-50
Тест-полоски к глюкометру At Care № 50 в Астане,Дәріхана,3 670 тг.,2023-05-14,https://i-teka.kz/astana/medicaments/test-poloski-k-glyukometru-at-care-50
Тест-полоски к глюкометру At Care № 50 в Астане,D'ARIHANA - АПТЕКА,3 340 тг.,2023-05-14,https://i-teka.kz/astana/medicaments/test-poloski-k-glyukometru-at-care-50
Тест-полоски к глюкометру At Care № 50 в Астане,"Аптека ""ARNA - 3"" (Арна-3)",3 150 тг.,2023-05-14,https://i-teka.kz/astana/medicaments/test-poloski-k-glyukometru-at-care-50
Тест-полоски к глюкометру At Care № 50 в Астане,"Аптека ""Иммуно +""",3 000 тг.,2023-05-14,https://i-teka.kz/astana/medicaments/test-poloski-k-glyukometru-at-care-50
Тест-полоски к глюкометру At Care № 50 в Астане,Аптека Столицы,3 450 тг.,2023-05-14,https://i-teka.kz/astana/medicaments/test-poloski-k-glyukometru-at-care-50
Тест-полоски к глюкометру At Care № 50 в Астане,"Аптека ""DA.Pharm"" (ДА.Фарм)",3 260 тг.,2023-05-14,https://i-teka.kz/astana/medicaments/test-poloski-k-glyukometru-at-care-50
Тест-полоски к глюкометру At Care № 50 в Астане,"Аптека ""MEDSTANDARD"" (МЕДСТАНДАРТ)",3 230 тг.,2023-05-14,https://i-teka.kz/astana/medicaments/test-poloski-k-glyukometru-at-care-50
Тест-полоски к глюкометру At Care № 50 в Астане,"Аптека ""АзияМед""",3 100 тг.,2023-05-14,https://i-teka.kz/astana/medicaments/test-poloski-k-glyukometru-at-care-50
Тест-полоски к глюкометру At Care № 50 в Астане,"Аптека ""Gamma Pharm"" (Гамма Фарм)",3 480 тг.,2023-05-14,https://i-teka.kz/astana/medicaments/test-poloski-k-glyukometru-at-care-50
Тест-полоски к глюкометру At Care № 50 в Астане,"Аптека ""Жить здорОво""",3 310 тг.,2023-05-14,https://i-teka.kz/astana/medicaments/test-poloski-k-glyukometru-at-care-50
Тест-полоски к глюкометру At Care № 50 в Астане,"Аптека ""Иммуно +""",3 100 тг.,2023-05-14,https://i-teka.kz/astana/medicaments/test-poloski-k-glyukometru-at-care-50
Тест-полоски к глюкометру At Care № 50 в Астане,Аптека AZIAMED (Азия Мед),3 150 тг.,2023-05-14,https://i-teka.kz/astana/medicaments/test-poloski-k-glyukometru-at-care-50
Тест-полоски к глюкометру At Care № 50 в Астане,Аптека JS PHARMA (ДжейЭс Фарма),3 500 тг.,2023-05-14,https://i-teka.kz/astana/medicaments/test-poloski-k-glyukometru-at-care-50
Тест-полоски к глюкометру At Care № 50 в Астане,Аптека Alifarm (Алифарм),3 120 тг.,2023-05-14,https://i-teka.kz/astana/medicaments/test-poloski-k-glyukometru-at-care-50
Тест-полоски к глюкометру At Care № 50 в Астане,Аптека  Grande Pharm (Гранд Фарм),3 500 тг.,2023-05-14,https://i-teka.kz/astana/medicaments/test-poloski-k-glyukometru-at-care-50
Тест-полоски к глюкометру At Care № 50 в Астане,"Аптека ""ID Pharmacy"" (АйДи Фармаси)",3 230 тг.,2023-05-14,https://i-teka.kz/astana/medicaments/test-poloski-k-glyukometru-at-care-50
Тест-полоски к глюкометру At Care № 50 в Астане,"Аптека ""ARNA - 5"" (Арна-5)",3 000 тг.,2023-05-14,https://i-teka.kz/astana/medicaments/test-poloski-k-glyukometru-at-care-50
Тест-полоски к глюкометру At Care № 50 в Астане,Аптека Лекарь,3 300 тг.,2023-05-14,https://i-teka.kz/astana/medicaments/test-poloski-k-glyukometru-at-care-50
Тест-полоски к глюкометру At Care № 50 в Астане,Аптека «Life» (Лайф),3 370 тг.,2023-05-14,https://i-teka.kz/astana/medicaments/test-poloski-k-glyukometru-at-care-50
Тест-полоски к глюкометру At Care № 50 в Астане,Аптека Oculus (Окулус),2 980 тг.,2023-05-14,https://i-teka.kz/astana/medicaments/test-poloski-k-glyukometru-at-care-50
Тест-полоски к глюкометру Контур Плюс (Contour Plus) № 50 в Астане,"Аптека ""Гиппократ""",7 900 тг.,2023-05-14,https://i-teka.kz/astana/medicaments/test-poloski-k-glyukometru-kontur-plyus-contour-plus-50
Тест-полоски к глюкометру Контур Плюс (Contour Plus) № 50 в Астане,"Аптека ""Salamat"" (Саламат)",7 300 тг.,2023-05-14,https://i-teka.kz/astana/medicaments/test-poloski-k-glyukometru-kontur-plyus-contour-plus-50
Тест-полоски к глюкометру Контур Плюс (Contour Plus) № 50 в Астане,"Аптека ""Salamat"" (Саламат)",7 200 тг.,2023-05-14,https://i-teka.kz/astana/medicaments/test-poloski-k-glyukometru-kontur-plyus-contour-plus-50
Тест-полоски к глюкометру Контур Плюс (Contour Plus) № 50 в Астане,"Аптека ""Sante-Астана"" (Санте)",7 950 тг.,2023-05-14,https://i-teka.kz/astana/medicaments/test-poloski-k-glyukometru-kontur-plyus-contour-plus-50
Тест-полоски к глюкометру Контур Плюс (Contour Plus) № 50 в Астане,"Аптека ""Salamat"" (Саламат)",7 050 тг.,2023-05-14,https://i-teka.kz/astana/medicaments/test-poloski-k-glyukometru-kontur-plyus-contour-plus-50
Тест-полоски к глюкометру Контур Плюс (Contour Plus) № 50 в Астане,"Аптека ""Salamat"" (Саламат)",6 890 тг.,2023-05-14,https://i-teka.kz/astana/medicaments/test-poloski-k-glyukometru-kontur-plyus-contour-plus-50
Тест-полоски к глюкометру Контур Плюс (Contour Plus) № 50 в Астане,"Аптека ""Salamat"" (Саламат)",7 300 тг.,2023-05-14,https://i-teka.kz/astana/medicaments/test-poloski-k-glyukometru-kontur-plyus-contour-plus-50
Тест-полоски к глюкометру Контур Плюс (Contour Plus) № 50 в Астане,"Аптека ""Максима-фарм""",7 500 тг.,2023-05-14,https://i-teka.kz/astana/medicaments/test-poloski-k-glyukometru-kontur-plyus-contour-plus-50
Тест-полоски к глюкометру Контур Плюс (Contour Plus) № 50 в Астане,"Аптека ""Максима-фарм""",7 500 тг.,2023-05-14,https://i-teka.kz/astana/medicaments/test-poloski-k-glyukometru-kontur-plyus-contour-plus-50
Тест-полоски к глюкометру Контур Плюс (Contour Plus) № 50 в Астане,"Аптека ""Максима-фарм""",7 500 тг.,2023-05-14,https://i-teka.kz/astana/medicaments/test-poloski-k-glyukometru-kontur-plyus-contour-plus-50
Тест-полоски к глюкометру Контур Плюс (Contour Plus) № 50 в Астане,"Аптека ""Salamat"" (Саламат)",8 790 тг.,2023-05-14,https://i-teka.kz/astana/medicaments/test-poloski-k-glyukometru-kontur-plyus-contour-plus-50
Тест-полоски к глюкометру Контур Плюс (Contour Plus) № 50 в Астане,"Аптека ""REZEPT"" (Рецепт)",7 200 тг.,2023-05-14,https://i-teka.kz/astana/medicaments/test-poloski-k-glyukometru-kontur-plyus-contour-plus-50
Тест-полоски к глюкометру Контур Плюс (Contour Plus) № 50 в Астане,"Аптека ""Аманат-Фарм""",7 200 тг.,2023-05-14,https://i-teka.kz/astana/medicaments/test-poloski-k-glyukometru-kontur-plyus-contour-plus-50
Тест-полоски к глюкометру Контур Плюс (Contour Plus) № 50 в Астане,"Аптека ""Диабетика""",6 400 тг.,2023-05-14,https://i-teka.kz/astana/medicaments/test-poloski-k-glyukometru-kontur-plyus-contour-plus-50
"Тест-полоски Gamma MS для глюкометров Gamma mini, Gamma Speaker № 50 в Астане",Аптека Столицы,5 790 тг.,2023-05-14,https://i-teka.kz/astana/medicaments/test-poloski-gamma-ms-dlya-glyukometrov-gamma-mini-gamma-speaker-50
"Тест-полоски Gamma MS для глюкометров Gamma mini, Gamma Speaker № 50 в Астане","Аптека ""Диабетика""",5 600 тг.,2023-05-14,https://i-teka.kz/astana/medicaments/test-poloski-gamma-ms-dlya-glyukometrov-gamma-mini-gamma-speaker-50
"Тест-полоски Gamma MS для глюкометров Gamma mini, Gamma Speaker № 50 в Астане",Аптека,6 420 тг.,2023-05-14,https://i-teka.kz/astana/medicaments/test-poloski-gamma-ms-dlya-glyukometrov-gamma-mini-gamma-speaker-50
